Cod birou electoral,Județ,Uat,Siruta,Localitate,Secție,Nr,Tip,Versiune,a,b,b1,b2,b3,c,d,e,f,g1,g5
48,STRĂINĂTATE,AFGANISTAN,9999,KABUL/HKIA,KABUL/HKIA,1,Alegeri Prezidentiale,1,0,315,0,315,0,304,11,600,285,10,10
48,STRĂINĂTATE,AFGANISTAN,9999,KANDAHAR/KAF,KANDAHAR/KAF,2,Alegeri Prezidentiale,1,0,482,0,482,0,465,17,600,118,10,10
48,STRĂINĂTATE,AFRICA DE SUD,9999,PRETORIA,PRETORIA,3,Alegeri Prezidentiale,1,0,87,0,87,0,87,0,400,313,10,10
48,STRĂINĂTATE,AFRICA DE SUD,9999,CAPE TOWN,CAPE TOWN,4,Alegeri Prezidentiale,1,0,71,0,71,0,71,0,200,129,10,10
48,STRĂINĂTATE,ALBANIA,9999,TIRANA,TIRANA,5,Alegeri Prezidentiale,3,0,44,0,44,0,44,0,315,271,10,10
48,STRĂINĂTATE,ALGERIA,9999,ALGER,ALGER,6,Alegeri Prezidentiale,1,0,35,0,35,0,35,0,100,65,10,10
48,STRĂINĂTATE,ANGOLA,9999,LUANDA,LUANDA,7,Alegeri Prezidentiale,1,0,9,0,9,0,9,0,100,91,10,10
48,STRĂINĂTATE,ARABIA SAUDITA,9999,RIAD,RIAD,8,Alegeri Prezidentiale,1,0,126,0,126,0,126,0,500,374,10,10
48,STRĂINĂTATE,ARGENTINA,9999,BUENOS AIRES,BUENOS AIRES,9,Alegeri Prezidentiale,1,0,49,0,49,0,48,1,200,151,10,10
48,STRĂINĂTATE,ARMENIA,9999,EREVAN,EREVAN,10,Alegeri Prezidentiale,1,0,35,0,35,0,34,1,200,165,10,10
48,STRĂINĂTATE,AUSTRALIA,9999,CANBERRA,CANBERRA,11,Alegeri Prezidentiale,2,0,26,0,26,0,26,0,357,331,10,10
48,STRĂINĂTATE,AUSTRALIA,9999,MELBOURNE,MELBOURNE,12,Alegeri Prezidentiale,1,0,324,0,324,0,321,3,2000,1676,10,10
48,STRĂINĂTATE,AUSTRALIA,9999,ADELAIDE,ADELAIDE,13,Alegeri Prezidentiale,1,0,79,0,79,0,79,0,500,421,10,10
48,STRĂINĂTATE,AUSTRALIA,9999,PERTH,PERTH,14,Alegeri Prezidentiale,1,0,164,0,164,0,164,0,1000,836,10,10
48,STRĂINĂTATE,AUSTRALIA,9999,SYDNEY,SYDNEY,15,Alegeri Prezidentiale,1,0,260,0,260,0,259,1,1600,1340,10,10
48,STRĂINĂTATE,AUSTRALIA,9999,BRISBANE,BRISBANE,16,Alegeri Prezidentiale,1,0,137,0,137,0,137,0,1600,1463,10,10
48,STRĂINĂTATE,NOUA ZEELANDA,9999,AUCKLAND,AUCKLAND,17,Alegeri Prezidentiale,1,0,191,0,191,0,188,3,1000,809,10,10
48,STRĂINĂTATE,AUSTRIA,9999,VIENA,VIENA,18,Alegeri Prezidentiale,1,0,2325,0,2325,0,2316,9,7000,4675,10,10
48,STRĂINĂTATE,AUSTRIA,9999,VIENA,VIENA,19,Alegeri Prezidentiale,1,0,2033,0,2033,0,2025,8,7000,4967,10,10
48,STRĂINĂTATE,AUSTRIA,9999,VIENA,VIENA,20,Alegeri Prezidentiale,1,0,483,0,483,0,479,4,7001,6518,10,10
48,STRĂINĂTATE,AUSTRIA,9999,VIENA,VIENA,21,Alegeri Prezidentiale,1,0,457,0,457,0,453,4,7000,6543,10,10
48,STRĂINĂTATE,AUSTRIA,9999,VIENA,VIENA,22,Alegeri Prezidentiale,1,0,1318,0,1318,0,1316,1,7000,5683,10,10
48,STRĂINĂTATE,AUSTRIA,9999,VIENA,VIENA,23,Alegeri Prezidentiale,1,0,1369,0,1369,0,1359,10,7000,5631,10,10
48,STRĂINĂTATE,AUSTRIA,9999,KLAGENFURT,KLAGENFURT,24,Alegeri Prezidentiale,2,0,729,0,729,0,728,1,7000,6271,10,10
48,STRĂINĂTATE,AUSTRIA,9999,SALZBURG,SALZBURG,25,Alegeri Prezidentiale,1,0,915,0,915,0,914,1,7000,6085,10,10
48,STRĂINĂTATE,AUSTRIA,9999,SALZBURG,SALZBURG,26,Alegeri Prezidentiale,1,0,844,0,844,0,842,2,7000,6156,10,10
48,STRĂINĂTATE,AUSTRIA,9999,GRAZ,GRAZ,27,Alegeri Prezidentiale,2,0,1383,0,1383,0,1378,5,7000,5617,10,10
48,STRĂINĂTATE,AUSTRIA,9999,GRAZ,GRAZ,28,Alegeri Prezidentiale,1,0,1359,0,1359,0,1356,3,7004,5645,10,10
48,STRĂINĂTATE,AUSTRIA,9999,LINZ,LINZ,29,Alegeri Prezidentiale,1,0,1227,0,1227,0,1217,10,6988,5761,10,10
48,STRĂINĂTATE,AUSTRIA,9999,LINZ,LINZ,30,Alegeri Prezidentiale,1,0,1626,0,1626,0,1617,9,7000,5374,10,10
48,STRĂINĂTATE,AUSTRIA,9999,INNSBRUCK,INNSBRUCK,31,Alegeri Prezidentiale,3,0,802,0,802,0,798,4,7000,6198,10,10
48,STRĂINĂTATE,AUSTRIA,9999,SANKT PÖLTEN,SANKT PÖLTEN,32,Alegeri Prezidentiale,1,0,910,0,910,0,908,2,7000,6086,10,10
48,STRĂINĂTATE,AUSTRIA,9999,EISENSTADT,EISENSTADT,33,Alegeri Prezidentiale,1,0,580,0,580,0,578,2,7000,6420,10,10
48,STRĂINĂTATE,AUSTRIA,9999,BREGENZ,BREGENZ,34,Alegeri Prezidentiale,1,0,794,0,794,0,793,1,7000,6206,10,10
48,STRĂINĂTATE,AZERBAIDJAN,9999,BAKU,BAKU,35,Alegeri Prezidentiale,1,0,48,0,48,0,47,1,400,352,10,10
48,STRĂINĂTATE,BELARUS,9999,MINSK,MINSK,36,Alegeri Prezidentiale,1,0,20,0,20,0,20,0,100,80,10,10
48,STRĂINĂTATE,BELGIA,9999,BRUXELLES,BRUXELLES,37,Alegeri Prezidentiale,2,0,1670,0,1670,0,1655,15,10000,8330,10,10
48,STRĂINĂTATE,BELGIA,9999,BRUXELLES,BRUXELLES,38,Alegeri Prezidentiale,2,0,1671,0,1671,0,1669,2,10000,8329,10,10
48,STRĂINĂTATE,BELGIA,9999,BRUXELLES,BRUXELLES,39,Alegeri Prezidentiale,2,0,1490,0,1490,0,1483,7,10000,8510,10,10
48,STRĂINĂTATE,BELGIA,9999,BRUXELLES,BRUXELLES,40,Alegeri Prezidentiale,2,0,1179,0,1179,0,1177,2,10000,8821,10,10
48,STRĂINĂTATE,BELGIA,9999,BRUXELLES,BRUXELLES,41,Alegeri Prezidentiale,1,0,4059,0,4059,0,4036,23,10000,5941,10,10
48,STRĂINĂTATE,BELGIA,9999,BRUXELLES,BRUXELLES,42,Alegeri Prezidentiale,2,0,808,0,808,0,805,3,10000,9192,10,10
48,STRĂINĂTATE,BELGIA,9999,BRUXELLES,BRUXELLES,43,Alegeri Prezidentiale,1,0,625,0,625,0,624,1,10000,9375,10,10
48,STRĂINĂTATE,BELGIA,9999,BRUXELLES,BRUXELLES,44,Alegeri Prezidentiale,1,0,580,0,580,0,577,3,10000,9420,10,10
48,STRĂINĂTATE,BELGIA,9999,BRUXELLES,BRUXELLES,45,Alegeri Prezidentiale,1,0,545,0,545,0,541,4,10000,9455,10,10
48,STRĂINĂTATE,BELGIA,9999,BRUXELLES,BRUXELLES,46,Alegeri Prezidentiale,2,0,541,0,541,0,539,2,10000,9459,10,10
48,STRĂINĂTATE,BELGIA,9999,BRUXELLES,BRUXELLES,47,Alegeri Prezidentiale,1,0,874,0,874,0,871,3,10000,9126,10,10
48,STRĂINĂTATE,BELGIA,9999,BRUXELLES,BRUXELLES,48,Alegeri Prezidentiale,1,0,737,0,737,0,735,2,10000,9263,10,10
48,STRĂINĂTATE,BELGIA,9999,LIEGE,LIEGE,49,Alegeri Prezidentiale,2,0,791,0,791,0,787,4,10000,9209,10,10
48,STRĂINĂTATE,BELGIA,9999,LIEGE,LIEGE,50,Alegeri Prezidentiale,2,0,796,0,796,0,794,2,10000,9204,10,10
48,STRĂINĂTATE,BELGIA,9999,ANTWERP,ANTWERP,51,Alegeri Prezidentiale,2,0,1822,0,1822,0,1811,11,10000,8178,10,10
48,STRĂINĂTATE,BELGIA,9999,ANTWERP,ANTWERP,52,Alegeri Prezidentiale,1,0,1946,0,1946,0,1932,14,10000,8054,10,10
48,STRĂINĂTATE,BELGIA,9999,MONS,MONS,53,Alegeri Prezidentiale,1,0,328,0,328,0,326,2,10000,9672,10,10
48,STRĂINĂTATE,BELGIA,9999,MONS,MONS,54,Alegeri Prezidentiale,1,0,327,0,327,0,323,4,10000,9673,10,10
48,STRĂINĂTATE,BELGIA,9999,CHARLEROI,CHARLEROI,55,Alegeri Prezidentiale,1,0,435,0,435,0,433,2,10004,9569,10,10
48,STRĂINĂTATE,BELGIA,9999,CHARLEROI,CHARLEROI,56,Alegeri Prezidentiale,2,0,454,0,454,0,453,1,10000,9546,10,10
48,STRĂINĂTATE,BELGIA,9999,BRUGES,BRUGES,57,Alegeri Prezidentiale,1,0,1249,0,1249,0,1239,10,10000,8751,10,10
48,STRĂINĂTATE,BELGIA,9999,BRUGES,BRUGES,58,Alegeri Prezidentiale,2,0,1243,0,1243,0,1235,8,10000,8757,10,10
48,STRĂINĂTATE,BELGIA,9999,GENT,GENT,59,Alegeri Prezidentiale,1,0,1228,0,1228,0,1219,9,10000,8772,10,10
48,STRĂINĂTATE,BOSNIA SI HERTEGOVINA,9999,SARAJEVO,SARAJEVO,60,Alegeri Prezidentiale,1,0,58,0,58,0,58,0,404,346,10,10
48,STRĂINĂTATE,BRAZILIA,9999,BRASILIA,BRASILIA,61,Alegeri Prezidentiale,1,0,10,0,10,0,10,0,200,190,10,10
48,STRĂINĂTATE,BRAZILIA,9999,RIO DE JANEIRO,RIO DE JANEIRO,62,Alegeri Prezidentiale,1,0,52,0,52,0,51,1,200,148,10,10
48,STRĂINĂTATE,BULGARIA,9999,SOFIA,SOFIA,63,Alegeri Prezidentiale,1,0,262,0,262,0,259,3,4000,3738,10,10
48,STRĂINĂTATE,CANADA,9999,OTTAWA,OTTAWA,64,Alegeri Prezidentiale,1,0,352,0,352,0,351,1,4000,3648,10,10
48,STRĂINĂTATE,CANADA,9999,CALGARY,CALGARY,65,Alegeri Prezidentiale,1,0,368,0,368,0,367,1,5000,4632,10,10
48,STRĂINĂTATE,CANADA,9999,QUEBEC,QUEBEC,66,Alegeri Prezidentiale,1,0,65,0,65,0,65,0,1000,935,10,10
48,STRĂINĂTATE,CANADA,9999,DIEPPE,DIEPPE,67,Alegeri Prezidentiale,1,0,76,0,76,0,76,0,500,424,10,10
48,STRĂINĂTATE,CANADA,9999,VANCOUVER,VANCOUVER,68,Alegeri Prezidentiale,1,0,504,0,504,0,503,1,10000,9496,10,10
48,STRĂINĂTATE,CANADA,9999,MONTREAL,MONTREAL,69,Alegeri Prezidentiale,1,0,667,0,667,0,665,2,3500,2833,10,10
48,STRĂINĂTATE,CANADA,9999,MONTREAL,MONTREAL,70,Alegeri Prezidentiale,2,0,428,0,428,0,426,2,3500,3072,10,10
48,STRĂINĂTATE,CANADA,9999,TORONTO,TORONTO,71,Alegeri Prezidentiale,1,0,684,0,684,0,682,2,12000,11316,10,10
48,STRĂINĂTATE,CANADA,9999,TORONTO,TORONTO,72,Alegeri Prezidentiale,2,0,728,0,728,0,724,4,12000,11272,10,10
48,STRĂINĂTATE,REPUBLICA CEHA,9999,PRAGA,PRAGA,73,Alegeri Prezidentiale,1,0,735,0,735,0,728,7,10000,9265,10,10
48,STRĂINĂTATE,REPUBLICA CEHA,9999,PRAGA,PRAGA,74,Alegeri Prezidentiale,1,0,695,0,695,0,692,3,10000,9305,10,10
48,STRĂINĂTATE,COLUMBIA,9999,BOGOTA,BOGOTA,75,Alegeri Prezidentiale,1,0,29,0,29,0,27,2,600,571,10,10
48,STRĂINĂTATE,REPUBLICA POPULARA DEMOCRATA COREEANA,9999,PHENIAN,PHENIAN,76,Alegeri Prezidentiale,1,0,7,0,7,0,7,0,51,44,10,10
48,STRĂINĂTATE,REPUBLICA COREEA,9999,SEOUL,SEOUL,77,Alegeri Prezidentiale,1,0,74,0,74,0,73,1,2500,2426,10,10
48,STRĂINĂTATE,CHILE,9999,SANTIAGO DE CHILE,SANTIAGO DE CHILE,78,Alegeri Prezidentiale,1,0,50,0,50,0,50,0,500,450,10,10
48,STRĂINĂTATE,CHILE,9999,COPIAPO,COPIAPO,79,Alegeri Prezidentiale,1,0,21,0,21,0,21,0,500,479,10,10
48,STRĂINĂTATE,CHINA,9999,BEIJING,BEIJING,80,Alegeri Prezidentiale,1,0,106,0,106,0,105,1,300,194,10,10
48,STRĂINĂTATE,CHINA,9999,SHANGHAI,SHANGHAI,81,Alegeri Prezidentiale,1,0,137,0,137,0,137,0,1000,863,10,10
48,STRĂINĂTATE,CHINA,9999,HONG KONG,HONG KONG,82,Alegeri Prezidentiale,1,0,78,0,78,0,78,0,400,322,10,10
48,STRĂINĂTATE,CIPRU,9999,NICOSIA,NICOSIA,83,Alegeri Prezidentiale,2,0,1289,0,1289,0,1284,5,5000,3711,10,10
48,STRĂINĂTATE,CIPRU,9999,NICOSIA,NICOSIA,84,Alegeri Prezidentiale,1,0,121,0,121,0,121,0,5001,4880,10,10
48,STRĂINĂTATE,CIPRU,9999,PAFOS,PAFOS,85,Alegeri Prezidentiale,2,0,558,0,558,0,555,3,3000,2442,10,10
48,STRĂINĂTATE,CIPRU,9999,LIMASSOL,LIMASSOL,86,Alegeri Prezidentiale,1,0,1229,0,1229,0,1222,7,5000,3771,10,10
48,STRĂINĂTATE,CIPRU,9999,LARNACA,LARNACA,87,Alegeri Prezidentiale,2,0,626,0,626,0,624,2,3000,2374,10,10
48,STRĂINĂTATE,CIPRU,9999,DHERINYA,DHERINYA,88,Alegeri Prezidentiale,1,0,192,0,192,0,192,0,1996,1804,10,10
48,STRĂINĂTATE,CROATIA,9999,ZAGREB,ZAGREB,89,Alegeri Prezidentiale,1,0,65,0,65,0,65,0,1000,935,10,10
48,STRĂINĂTATE,CUBA,9999,HAVANA,HAVANA,90,Alegeri Prezidentiale,1,0,33,0,33,0,32,1,200,167,10,10
48,STRĂINĂTATE,DANEMARCA,9999,COPENHAGA,COPENHAGA,91,Alegeri Prezidentiale,1,0,1004,0,1004,0,1002,2,3000,1996,10,10
48,STRĂINĂTATE,DANEMARCA,9999,COPENHAGA,COPENHAGA,92,Alegeri Prezidentiale,2,0,943,0,943,0,940,3,3000,2057,10,10
48,STRĂINĂTATE,DANEMARCA,9999,AALBORG,AALBORG,93,Alegeri Prezidentiale,3,0,988,0,988,0,986,2,2500,1512,10,10
48,STRĂINĂTATE,DANEMARCA,9999,AARHUS,AARHUS,94,Alegeri Prezidentiale,2,0,1531,0,1531,0,1521,10,2496,965,10,10
48,STRĂINĂTATE,DANEMARCA,9999,ESBJERG,ESBJERG,95,Alegeri Prezidentiale,1,0,685,0,685,0,684,1,2504,1819,10,10
48,STRĂINĂTATE,DANEMARCA,9999,NÆSTVED,NÆSTVED,96,Alegeri Prezidentiale,1,0,281,0,281,0,278,3,2500,2219,10,10
48,STRĂINĂTATE,DANEMARCA,9999,ODENSE,ODENSE,97,Alegeri Prezidentiale,2,0,680,0,680,0,678,2,2500,1820,10,10
48,STRĂINĂTATE,DANEMARCA,9999,RINGKØBING,RINGKØBING,98,Alegeri Prezidentiale,1,0,794,0,794,0,790,4,2500,1706,10,10
48,STRĂINĂTATE,DANEMARCA,9999,SØNDERBORG,SØNDERBORG,99,Alegeri Prezidentiale,1,0,810,0,810,0,810,0,2500,1690,10,10
48,STRĂINĂTATE,DANEMARCA,9999,TAASTRUP,TAASTRUP,100,Alegeri Prezidentiale,1,0,808,0,808,0,803,5,2500,1692,10,10
48,STRĂINĂTATE,DANEMARCA,9999,VEJLE,VEJLE,101,Alegeri Prezidentiale,1,0,1251,0,1251,0,1245,6,2508,1257,10,10
48,STRĂINĂTATE,DANEMARCA,9999,VIBORG,VIBORG,102,Alegeri Prezidentiale,1,0,629,0,629,0,619,10,2500,1871,10,10
48,STRĂINĂTATE,EGIPT,9999,CAIRO,CAIRO,103,Alegeri Prezidentiale,1,0,140,0,140,0,140,0,700,560,10,10
48,STRĂINĂTATE,ELVETIA,9999,GENEVA,GENEVA,104,Alegeri Prezidentiale,2,0,350,0,350,0,346,4,5000,4650,10,10
48,STRĂINĂTATE,ELVETIA,9999,GENEVA,GENEVA,105,Alegeri Prezidentiale,2,0,571,0,571,0,569,2,5000,4429,10,10
48,STRĂINĂTATE,ELVETIA,9999,BERNA,BERNA,106,Alegeri Prezidentiale,1,0,642,0,642,0,638,4,5000,4358,10,10
48,STRĂINĂTATE,ELVETIA,9999,ZÜRICH,ZÜRICH,107,Alegeri Prezidentiale,1,0,708,0,708,0,708,0,3000,2292,10,10
48,STRĂINĂTATE,ELVETIA,9999,ZÜRICH,ZÜRICH,108,Alegeri Prezidentiale,1,0,708,0,708,0,706,2,3000,2292,10,10
48,STRĂINĂTATE,ELVETIA,9999,BASEL,BASEL,109,Alegeri Prezidentiale,2,0,985,0,985,0,983,2,4000,3015,10,10
48,STRĂINĂTATE,ELVETIA,9999,LAUSANNE,LAUSANNE,110,Alegeri Prezidentiale,1,0,692,0,692,0,690,2,4000,3308,10,10
48,STRĂINĂTATE,ELVETIA,9999,BELLINZONA,BELLINZONA,111,Alegeri Prezidentiale,2,0,191,0,191,0,189,2,4000,3809,10,10
48,STRĂINĂTATE,EMIRATELE ARABE UNITE,9999,ABU DHABI,ABU DHABI,112,Alegeri Prezidentiale,1,0,545,0,545,0,543,2,3600,3055,10,10
48,STRĂINĂTATE,EMIRATELE ARABE UNITE,9999,DUBAI,DUBAI,113,Alegeri Prezidentiale,1,0,770,0,770,0,768,2,4000,3230,10,10
48,STRĂINĂTATE,EMIRATELE ARABE UNITE,9999,DUBAI,DUBAI,114,Alegeri Prezidentiale,1,0,622,0,622,0,620,2,2400,1778,10,10
48,STRĂINĂTATE,ESTONIA,9999,TALLINN,TALLINN,115,Alegeri Prezidentiale,1,0,132,0,132,0,131,1,800,668,10,10
48,STRĂINĂTATE,ETIOPIA,9999,ADDIS ABEBA,ADDIS ABEBA,116,Alegeri Prezidentiale,1,0,15,0,15,0,15,0,100,85,10,10
48,STRĂINĂTATE,FILIPINE,9999,MANILA,MANILA,117,Alegeri Prezidentiale,1,0,36,0,36,0,36,0,400,364,10,10
48,STRĂINĂTATE,FINLANDA,9999,HELSINKI,HELSINKI,118,Alegeri Prezidentiale,2,0,524,0,524,0,522,2,3200,2676,10,10
48,STRĂINĂTATE,FINLANDA,9999,TURKU,TURKU,119,Alegeri Prezidentiale,1,0,374,0,374,0,371,3,2001,1627,10,10
48,STRĂINĂTATE,FINLANDA,9999,MARIEHAMN,MARIEHAMN,120,Alegeri Prezidentiale,2,0,120,0,120,0,119,1,1200,1080,10,10
48,STRĂINĂTATE,FRANTA,9999,PARIS,PARIS,121,Alegeri Prezidentiale,1,0,1180,0,1180,0,1176,4,10000,8820,10,10
48,STRĂINĂTATE,FRANTA,9999,PARIS,PARIS,122,Alegeri Prezidentiale,1,0,1135,0,1135,0,1130,5,10000,8865,10,10
48,STRĂINĂTATE,FRANTA,9999,PARIS,PARIS,123,Alegeri Prezidentiale,1,0,1087,0,1087,0,1082,5,10000,8913,10,10
48,STRĂINĂTATE,FRANTA,9999,PARIS,PARIS,124,Alegeri Prezidentiale,2,0,591,0,591,0,589,2,10000,9409,10,10
48,STRĂINĂTATE,FRANTA,9999,PARIS,PARIS,125,Alegeri Prezidentiale,2,0,522,0,522,0,520,2,10000,9478,10,10
48,STRĂINĂTATE,FRANTA,9999,ATHIS-MONS,ATHIS-MONS,126,Alegeri Prezidentiale,1,0,1189,0,1189,0,1187,2,10000,8811,10,10
48,STRĂINĂTATE,FRANTA,9999,BRY-SUR-MARNE,BRY-SUR-MARNE,127,Alegeri Prezidentiale,1,0,1353,0,1353,0,1348,5,10000,8647,10,10
48,STRĂINĂTATE,FRANTA,9999,DRANCY,DRANCY,128,Alegeri Prezidentiale,2,0,1212,0,1212,0,1210,2,10000,8788,10,10
48,STRĂINĂTATE,FRANTA,9999,FONTAINEBLEAU,FONTAINEBLEAU,129,Alegeri Prezidentiale,1,0,384,0,384,0,383,1,10000,9616,10,10
48,STRĂINĂTATE,FRANTA,9999,ISSY-LES-MOULINEAUX,ISSY-LES-MOULINEAUX,130,Alegeri Prezidentiale,2,0,684,0,684,0,680,4,10000,9316,10,10
48,STRĂINĂTATE,FRANTA,9999,LA COURNEUVE,LA COURNEUVE,131,Alegeri Prezidentiale,1,0,721,0,721,0,716,5,10000,9279,10,10
48,STRĂINĂTATE,FRANTA,9999,LE BLANC-MESNIL,LE BLANC-MESNIL,132,Alegeri Prezidentiale,2,0,1299,0,1299,0,1278,21,10000,8701,10,10
48,STRĂINĂTATE,FRANTA,9999,LE BLANC-MESNIL,LE BLANC-MESNIL,133,Alegeri Prezidentiale,3,0,1160,0,1160,0,1153,7,9995,8835,10,10
48,STRĂINĂTATE,FRANTA,9999,MONTREUIL,MONTREUIL,134,Alegeri Prezidentiale,2,0,525,0,525,0,520,5,9996,9471,10,10
48,STRĂINĂTATE,FRANTA,9999,MONTREUIL,MONTREUIL,135,Alegeri Prezidentiale,2,0,506,0,506,0,504,2,10000,9494,10,10
48,STRĂINĂTATE,FRANTA,9999,PANTIN,PANTIN,136,Alegeri Prezidentiale,1,0,481,0,481,0,478,3,10000,9519,10,10
48,STRĂINĂTATE,FRANTA,9999,PANTIN,PANTIN,137,Alegeri Prezidentiale,2,0,944,0,944,0,938,6,10000,9056,10,10
48,STRĂINĂTATE,FRANTA,9999,RUEIL-MALMAISON,RUEIL-MALMAISON,138,Alegeri Prezidentiale,2,0,928,0,928,0,922,6,10000,9072,10,10
48,STRĂINĂTATE,FRANTA,9999,TRAPPES,TRAPPES,139,Alegeri Prezidentiale,1,0,216,0,216,0,216,0,10000,9784,10,10
48,STRĂINĂTATE,FRANTA,9999,TRAPPES,TRAPPES,140,Alegeri Prezidentiale,1,0,471,0,471,0,471,0,10000,9529,10,10
48,STRĂINĂTATE,FRANTA,9999,ALLONNES/LE MANS MÉTROPOLE,ALLONNES/LE MANS MÉTROPOLE,141,Alegeri Prezidentiale,1,0,286,0,286,0,285,1,10000,9714,10,10
48,STRĂINĂTATE,FRANTA,9999,BORDEAUX,BORDEAUX,142,Alegeri Prezidentiale,1,0,708,0,708,0,703,5,10000,9292,10,10
48,STRĂINĂTATE,FRANTA,9999,BREST,BREST,143,Alegeri Prezidentiale,3,0,204,0,204,0,203,1,10000,9796,10,10
48,STRĂINĂTATE,FRANTA,9999,CAEN,CAEN,144,Alegeri Prezidentiale,2,0,275,0,275,0,275,0,10000,9725,10,10
48,STRĂINĂTATE,FRANTA,9999,CALAIS,CALAIS,145,Alegeri Prezidentiale,1,0,179,0,179,0,178,1,10000,9821,10,10
48,STRĂINĂTATE,FRANTA,9999,LILLE,LILLE,146,Alegeri Prezidentiale,2,0,432,0,432,0,428,4,10000,9568,10,10
48,STRĂINĂTATE,FRANTA,9999,LILLE,LILLE,147,Alegeri Prezidentiale,1,0,440,0,440,0,438,2,10000,9560,10,10
48,STRĂINĂTATE,FRANTA,9999,LOUDEAC,LOUDEAC,148,Alegeri Prezidentiale,1,0,710,0,710,0,705,5,10000,9290,10,10
48,STRĂINĂTATE,FRANTA,9999,PESSAC,PESSAC,149,Alegeri Prezidentiale,1,0,327,0,327,0,325,2,10000,9673,10,10
48,STRĂINĂTATE,FRANTA,9999,RENNES,RENNES,150,Alegeri Prezidentiale,2,0,449,0,449,0,447,2,10000,9551,10,10
48,STRĂINĂTATE,FRANTA,9999,REZE/NANTES,REZE/NANTES,151,Alegeri Prezidentiale,1,0,424,0,424,0,423,1,10000,9576,10,10
48,STRĂINĂTATE,FRANTA,9999,SAINT-HERBLAIN/NANTES MÉTROPOLE,SAINT-HERBLAIN/NANTES MÉTROPOLE,152,Alegeri Prezidentiale,1,0,553,0,553,0,549,4,10000,9447,10,10
48,STRĂINĂTATE,FRANTA,9999,MONACO,MONACO,153,Alegeri Prezidentiale,1,0,212,0,212,0,211,1,10000,9788,10,10
48,STRĂINĂTATE,FRANTA,9999,LYON,LYON,154,Alegeri Prezidentiale,1,0,1029,0,1029,0,1023,6,5000,3971,10,10
48,STRĂINĂTATE,FRANTA,9999,LYON,LYON,155,Alegeri Prezidentiale,1,0,172,0,172,0,172,0,5000,4828,10,10
48,STRĂINĂTATE,FRANTA,9999,GRENOBLE-SAINT MARTIN D'HERES,GRENOBLE-SAINT MARTIN D'HERES,156,Alegeri Prezidentiale,1,0,447,0,447,0,444,3,5000,4553,10,10
48,STRĂINĂTATE,FRANTA,9999,CLERMONT-FERRAND,CLERMONT-FERRAND,157,Alegeri Prezidentiale,1,0,315,0,315,0,314,1,5000,4685,10,10
48,STRĂINĂTATE,FRANTA,9999,DIJON,DIJON,158,Alegeri Prezidentiale,2,0,228,0,228,0,225,3,5000,4772,10,10
48,STRĂINĂTATE,FRANTA,9999,ANNEMASSE,ANNEMASSE,159,Alegeri Prezidentiale,1,0,477,0,477,0,477,0,5000,4523,10,10
48,STRĂINĂTATE,FRANTA,9999,STRASBOURG,STRASBOURG,160,Alegeri Prezidentiale,1,0,603,0,603,0,600,3,2400,1797,10,10
48,STRĂINĂTATE,FRANTA,9999,STRASBOURG,STRASBOURG,161,Alegeri Prezidentiale,1,0,454,0,454,0,452,2,2400,1946,10,10
48,STRĂINĂTATE,FRANTA,9999,NANCY,NANCY,162,Alegeri Prezidentiale,2,0,294,0,294,0,293,1,2400,2106,10,10
48,STRĂINĂTATE,FRANTA,9999,MARSILIA,MARSILIA,163,Alegeri Prezidentiale,1,0,785,0,785,0,783,2,5008,4223,10,10
48,STRĂINĂTATE,FRANTA,9999,MARSILIA,MARSILIA,164,Alegeri Prezidentiale,1,0,223,0,223,0,222,1,5000,4777,10,10
48,STRĂINĂTATE,FRANTA,9999,MARSILIA,MARSILIA,165,Alegeri Prezidentiale,1,0,345,0,345,0,345,0,5000,4655,10,10
48,STRĂINĂTATE,FRANTA,9999,NISA,NISA,166,Alegeri Prezidentiale,1,0,400,0,400,0,399,1,5000,4600,10,10
48,STRĂINĂTATE,FRANTA,9999,NISA,NISA,167,Alegeri Prezidentiale,1,0,1298,0,1298,0,1290,8,5000,3702,10,10
48,STRĂINĂTATE,FRANTA,9999,TOULOUSE,TOULOUSE,168,Alegeri Prezidentiale,1,0,823,0,823,0,822,1,5000,4177,10,10
48,STRĂINĂTATE,FRANTA,9999,AJACCIO,AJACCIO,169,Alegeri Prezidentiale,1,0,316,0,316,0,314,2,4000,3684,10,10
48,STRĂINĂTATE,FRANTA,9999,BASTIA,BASTIA,170,Alegeri Prezidentiale,2,0,514,0,514,0,511,3,4000,3486,10,10
48,STRĂINĂTATE,GEORGIA,9999,TBILISI,TBILISI,171,Alegeri Prezidentiale,1,0,84,0,84,0,84,0,200,116,10,10
48,STRĂINĂTATE,GERMANIA,9999,BERLIN,BERLIN,172,Alegeri Prezidentiale,2,0,1102,0,1102,0,1096,6,7000,5898,10,10
48,STRĂINĂTATE,GERMANIA,9999,BERLIN,BERLIN,173,Alegeri Prezidentiale,1,0,1059,0,1059,0,1051,8,7000,5941,10,10
48,STRĂINĂTATE,GERMANIA,9999,BERLIN,BERLIN,174,Alegeri Prezidentiale,1,0,1098,0,1098,0,1096,2,7000,5902,10,10
48,STRĂINĂTATE,GERMANIA,9999,HAMBURG,HAMBURG,175,Alegeri Prezidentiale,1,0,2640,0,2640,0,2630,10,8000,5360,10,10
48,STRĂINĂTATE,GERMANIA,9999,HANNOVRA,HANNOVRA,176,Alegeri Prezidentiale,1,0,1287,0,1287,0,1282,5,7000,5713,10,10
48,STRĂINĂTATE,GERMANIA,9999,DRESDA,DRESDA,177,Alegeri Prezidentiale,2,0,538,0,538,0,533,5,7000,6462,10,10
48,STRĂINĂTATE,GERMANIA,9999,LEIPZIG,LEIPZIG,178,Alegeri Prezidentiale,1,0,974,0,974,0,967,7,7000,6026,10,10
48,STRĂINĂTATE,GERMANIA,9999,BRAUNSCHWEIG,BRAUNSCHWEIG,179,Alegeri Prezidentiale,1,0,715,0,715,0,715,0,7000,6285,10,10
48,STRĂINĂTATE,GERMANIA,9999,ERFURT,ERFURT,180,Alegeri Prezidentiale,1,0,852,0,852,0,844,8,7000,6148,10,10
48,STRĂINĂTATE,GERMANIA,9999,SOGEL,SOGEL,181,Alegeri Prezidentiale,1,0,1578,0,1578,0,1568,10,7000,5422,10,10
48,STRĂINĂTATE,GERMANIA,9999,QUAKENBRUCK,QUAKENBRUCK,182,Alegeri Prezidentiale,1,0,1954,0,1954,0,1938,16,7008,5054,10,10
48,STRĂINĂTATE,GERMANIA,9999,BREMEN,BREMEN,183,Alegeri Prezidentiale,1,0,1063,0,1063,0,1055,8,7001,5938,10,10
48,STRĂINĂTATE,GERMANIA,9999,LUBECK,LUBECK,184,Alegeri Prezidentiale,1,0,454,0,454,0,450,4,7000,6546,10,10
48,STRĂINĂTATE,GERMANIA,9999,KIEL,KIEL,185,Alegeri Prezidentiale,2,0,331,0,331,0,328,3,7000,6669,10,10
48,STRĂINĂTATE,GERMANIA,9999,BONN,BONN,186,Alegeri Prezidentiale,1,0,909,0,909,0,906,3,6000,5091,10,10
48,STRĂINĂTATE,GERMANIA,9999,BONN,BONN,187,Alegeri Prezidentiale,1,0,900,0,900,0,897,3,6000,5100,10,10
48,STRĂINĂTATE,GERMANIA,9999,KOLN,KOLN,188,Alegeri Prezidentiale,1,0,1840,0,1840,0,1826,14,6000,4160,10,10
48,STRĂINĂTATE,GERMANIA,9999,OFFENBACH AM MAIN,OFFENBACH AM MAIN,189,Alegeri Prezidentiale,2,0,768,0,768,0,765,3,6000,5232,10,10
48,STRĂINĂTATE,GERMANIA,9999,OFFENBACH AM MAIN,OFFENBACH AM MAIN,190,Alegeri Prezidentiale,2,0,2626,0,2626,0,2614,12,6004,3378,10,10
48,STRĂINĂTATE,GERMANIA,9999,FRANKFURT AM MAIN,FRANKFURT AM MAIN,191,Alegeri Prezidentiale,2,0,2341,0,2341,0,2335,6,6000,3659,10,10
48,STRĂINĂTATE,GERMANIA,9999,DUSSELDORF,DUSSELDORF,192,Alegeri Prezidentiale,2,0,1799,0,1799,0,1793,6,6000,4201,10,10
48,STRĂINĂTATE,GERMANIA,9999,BOCHUM,BOCHUM,193,Alegeri Prezidentiale,1,0,1472,0,1472,0,1468,4,6000,4528,10,10
48,STRĂINĂTATE,GERMANIA,9999,HERNE,HERNE,194,Alegeri Prezidentiale,3,0,1286,0,1286,0,1281,5,1301,15,10,10
48,STRĂINĂTATE,GERMANIA,9999,NEUBECKUM-WARENDORF,NEUBECKUM-WARENDORF,195,Alegeri Prezidentiale,1,0,943,0,943,0,938,5,6000,5057,10,10
48,STRĂINĂTATE,GERMANIA,9999,GUTERSLOCH,GUTERSLOCH,196,Alegeri Prezidentiale,2,0,2567,0,2567,0,2553,14,6000,3433,10,10
48,STRĂINĂTATE,GERMANIA,9999,MÖNCHENGLADBACH,MÖNCHENGLADBACH,197,Alegeri Prezidentiale,2,0,1529,0,1529,0,1521,8,6000,4471,10,10
48,STRĂINĂTATE,GERMANIA,9999,HARSEWINKEL,HARSEWINKEL,198,Alegeri Prezidentiale,1,0,695,0,695,0,687,8,6000,5305,10,10
48,STRĂINĂTATE,GERMANIA,9999,HOCHTAUNUS-USINGEN,HOCHTAUNUS-USINGEN,199,Alegeri Prezidentiale,1,0,402,0,402,0,397,5,5996,5594,10,10
48,STRĂINĂTATE,GERMANIA,9999,GIEßEN,GIEßEN,200,Alegeri Prezidentiale,1,0,1118,0,1118,0,1116,2,5996,4878,10,10
48,STRĂINĂTATE,GERMANIA,9999,LUDWIGSHAFEN AM RHEIN,LUDWIGSHAFEN AM RHEIN,201,Alegeri Prezidentiale,1,0,1586,0,1586,0,1576,10,6000,4414,10,10
48,STRĂINĂTATE,GERMANIA,9999,TRIER,TRIER,202,Alegeri Prezidentiale,1,0,1090,0,1090,0,1081,9,6000,4910,10,10
48,STRĂINĂTATE,GERMANIA,9999,MAINZ,MAINZ,203,Alegeri Prezidentiale,1,0,1825,0,1825,0,1817,8,6000,4175,10,10
48,STRĂINĂTATE,GERMANIA,9999,SAARBRÜCKEN,SAARBRÜCKEN,204,Alegeri Prezidentiale,1,0,1061,0,1061,0,1056,5,6000,4939,10,10
48,STRĂINĂTATE,GERMANIA,9999,NEUSTADT AN DER WEINSTRASSE,NEUSTADT AN DER WEINSTRASSE,205,Alegeri Prezidentiale,2,0,726,0,726,0,725,1,6000,5274,10,10
48,STRĂINĂTATE,GERMANIA,9999,STUTTGART,STUTTGART,206,Alegeri Prezidentiale,2,0,1089,0,1089,0,1083,6,7000,5911,10,10
48,STRĂINĂTATE,GERMANIA,9999,STUTTGART,STUTTGART,207,Alegeri Prezidentiale,1,0,959,0,959,0,958,1,7004,6045,10,10
48,STRĂINĂTATE,GERMANIA,9999,STUTTGART,STUTTGART,208,Alegeri Prezidentiale,2,0,353,0,353,0,353,0,6996,6643,10,10
48,STRĂINĂTATE,GERMANIA,9999,STUTTGART,STUTTGART,209,Alegeri Prezidentiale,2,0,470,0,470,0,469,1,6992,6522,10,10
48,STRĂINĂTATE,GERMANIA,9999,KARLSRUHE,KARLSRUHE,210,Alegeri Prezidentiale,2,0,1434,0,1434,0,1425,9,8012,6578,10,10
48,STRĂINĂTATE,GERMANIA,9999,KARLSRUHE,KARLSRUHE,211,Alegeri Prezidentiale,1,0,1289,0,1289,0,1283,6,8000,6711,10,10
48,STRĂINĂTATE,GERMANIA,9999,ULM,ULM,212,Alegeri Prezidentiale,2,0,1556,0,1556,0,1550,6,8004,6448,10,10
48,STRĂINĂTATE,GERMANIA,9999,ULM,ULM,213,Alegeri Prezidentiale,2,0,1419,0,1419,0,1415,4,7994,6575,10,10
48,STRĂINĂTATE,GERMANIA,9999,EPPELHEIM,EPPELHEIM,214,Alegeri Prezidentiale,2,0,1130,0,1130,0,1125,5,7004,5874,10,10
48,STRĂINĂTATE,GERMANIA,9999,ESSLINGEN AM NECKAR,ESSLINGEN AM NECKAR,215,Alegeri Prezidentiale,1,0,1392,0,1392,0,1382,10,7000,5608,10,10
48,STRĂINĂTATE,GERMANIA,9999,FREIBURG IM BREISGAU,FREIBURG IM BREISGAU,216,Alegeri Prezidentiale,1,0,1870,0,1870,0,1865,5,6200,4330,10,10
48,STRĂINĂTATE,GERMANIA,9999,KONSTANZ,KONSTANZ,217,Alegeri Prezidentiale,1,0,917,0,917,0,916,1,7000,6083,10,10
48,STRĂINĂTATE,GERMANIA,9999,LAUFFEN AM NECKAR,LAUFFEN AM NECKAR,218,Alegeri Prezidentiale,2,0,2614,0,2614,0,2605,9,8000,5386,10,10
48,STRĂINĂTATE,GERMANIA,9999,LUDWIGSBURG,LUDWIGSBURG,219,Alegeri Prezidentiale,1,0,1486,0,1486,0,1479,7,6806,5320,10,10
48,STRĂINĂTATE,GERMANIA,9999,MANNHEIM,MANNHEIM,220,Alegeri Prezidentiale,2,0,1582,0,1582,0,1578,4,7000,5418,10,10
48,STRĂINĂTATE,GERMANIA,9999,OFFENBURG,OFFENBURG,221,Alegeri Prezidentiale,1,0,1173,0,1173,0,1164,9,7000,5827,10,10
48,STRĂINĂTATE,GERMANIA,9999,PFORZHEIM,PFORZHEIM,222,Alegeri Prezidentiale,1,0,1828,0,1828,0,1821,7,6000,4172,10,10
48,STRĂINĂTATE,GERMANIA,9999,RASTATT,RASTATT,223,Alegeri Prezidentiale,2,0,1468,0,1468,0,1457,11,6000,4532,10,10
48,STRĂINĂTATE,GERMANIA,9999,REUTLINGEN,REUTLINGEN,224,Alegeri Prezidentiale,2,0,1431,0,1431,0,1423,8,6000,4569,10,10
48,STRĂINĂTATE,GERMANIA,9999,SCHWÄBISCH HALL,SCHWÄBISCH HALL,225,Alegeri Prezidentiale,1,0,1420,0,1420,0,1416,4,7000,5580,10,10
48,STRĂINĂTATE,GERMANIA,9999,TROSSINGEN,TROSSINGEN,226,Alegeri Prezidentiale,1,0,2671,0,2671,0,2657,14,8000,5329,10,10
48,STRĂINĂTATE,GERMANIA,9999,WANGEN IM ALLGÄU,WANGEN IM ALLGÄU,227,Alegeri Prezidentiale,2,0,1414,0,1414,0,1396,18,7000,5586,10,10
48,STRĂINĂTATE,GERMANIA,9999,MÜNCHEN,MÜNCHEN,228,Alegeri Prezidentiale,1,0,833,0,833,0,825,8,6000,5167,10,10
48,STRĂINĂTATE,GERMANIA,9999,MÜNCHEN,MÜNCHEN,229,Alegeri Prezidentiale,2,0,1006,0,1006,0,998,8,6000,4994,10,10
48,STRĂINĂTATE,GERMANIA,9999,MÜNCHEN,MÜNCHEN,230,Alegeri Prezidentiale,1,0,1016,0,1016,0,1013,3,6000,4984,10,10
48,STRĂINĂTATE,GERMANIA,9999,MÜNCHEN,MÜNCHEN,231,Alegeri Prezidentiale,2,0,1039,0,1039,0,1035,4,5999,4960,10,10
48,STRĂINĂTATE,GERMANIA,9999,MÜNCHEN,MÜNCHEN,232,Alegeri Prezidentiale,1,0,1059,0,1059,0,1051,8,6000,4941,10,10
48,STRĂINĂTATE,GERMANIA,9999,MÜNCHEN,MÜNCHEN,233,Alegeri Prezidentiale,1,0,1033,0,1033,0,1029,4,6000,4967,10,10
48,STRĂINĂTATE,GERMANIA,9999,KÖNIGSBRUNN,KÖNIGSBRUNN,234,Alegeri Prezidentiale,2,0,678,0,678,0,672,6,7000,6322,10,10
48,STRĂINĂTATE,GERMANIA,9999,LANDSHUT,LANDSHUT,235,Alegeri Prezidentiale,1,0,1495,0,1495,0,1482,13,7000,5505,10,10
48,STRĂINĂTATE,GERMANIA,9999,NÜRNBERG,NÜRNBERG,236,Alegeri Prezidentiale,2,0,907,0,907,0,898,9,6000,5093,10,10
48,STRĂINĂTATE,GERMANIA,9999,NÜRNBERG,NÜRNBERG,237,Alegeri Prezidentiale,1,0,1009,0,1009,0,1004,5,6000,4991,10,10
48,STRĂINĂTATE,GERMANIA,9999,NÜRNBERG,NÜRNBERG,238,Alegeri Prezidentiale,1,0,1078,0,1078,0,1075,3,6000,4922,10,10
48,STRĂINĂTATE,GERMANIA,9999,NÜRNBERG,NÜRNBERG,239,Alegeri Prezidentiale,1,0,1265,0,1265,0,1261,4,6000,4735,10,10
48,STRĂINĂTATE,GERMANIA,9999,NÜRNBERG,NÜRNBERG,240,Alegeri Prezidentiale,1,0,984,0,984,0,980,4,6000,5016,10,10
48,STRĂINĂTATE,GERMANIA,9999,NÜRNBERG,NÜRNBERG,241,Alegeri Prezidentiale,1,0,1184,0,1184,0,1177,7,6000,4816,10,10
48,STRĂINĂTATE,GERMANIA,9999,FREISING,FREISING,242,Alegeri Prezidentiale,1,0,810,0,810,0,806,4,7000,6190,10,10
48,STRĂINĂTATE,GERMANIA,9999,WÜRZBURG,WÜRZBURG,243,Alegeri Prezidentiale,2,0,1499,0,1499,0,1488,11,7004,5505,10,10
48,STRĂINĂTATE,GERMANIA,9999,KARLSFELD,KARLSFELD,244,Alegeri Prezidentiale,1,0,961,0,961,0,957,4,7000,6039,10,10
48,STRĂINĂTATE,GERMANIA,9999,INGOLSTADT,INGOLSTADT,245,Alegeri Prezidentiale,2,0,1991,0,1991,0,1969,22,7000,5009,10,10
48,STRĂINĂTATE,GERMANIA,9999,VILSHOFEN BEI PASSAU,VILSHOFEN BEI PASSAU,246,Alegeri Prezidentiale,2,0,987,0,987,0,981,6,6997,6010,10,10
48,STRĂINĂTATE,GERMANIA,9999,DONAUWÖRTH,DONAUWÖRTH,247,Alegeri Prezidentiale,2,0,615,0,615,0,615,0,7000,6385,10,10
48,STRĂINĂTATE,GERMANIA,9999,STRAUBING,STRAUBING,248,Alegeri Prezidentiale,1,0,2400,0,2400,0,2391,9,7002,4602,10,10
48,STRĂINĂTATE,GERMANIA,9999,ERDING,ERDING,249,Alegeri Prezidentiale,2,0,1021,0,1021,0,1015,6,7000,5979,10,10
48,STRĂINĂTATE,GERMANIA,9999,AUGSBURG,AUGSBURG,250,Alegeri Prezidentiale,1,0,1920,0,1920,0,1911,9,7000,5080,10,10
48,STRĂINĂTATE,GERMANIA,9999,AFFING,AFFING,251,Alegeri Prezidentiale,1,0,586,0,586,0,578,8,7000,6414,10,10
48,STRĂINĂTATE,GRECIA,9999,ATENA,ATENA,252,Alegeri Prezidentiale,2,0,263,0,263,0,263,0,7998,7735,10,10
48,STRĂINĂTATE,GRECIA,9999,ATENA,ATENA,253,Alegeri Prezidentiale,3,0,211,0,211,0,211,0,8000,7789,10,10
48,STRĂINĂTATE,GRECIA,9999,ATENA,ATENA,254,Alegeri Prezidentiale,1,0,288,0,288,0,286,2,8000,7712,10,10
48,STRĂINĂTATE,GRECIA,9999,ATENA,ATENA,255,Alegeri Prezidentiale,1,0,1315,0,1315,0,1309,6,8000,6685,10,10
48,STRĂINĂTATE,GRECIA,9999,PATRA,PATRA,256,Alegeri Prezidentiale,1,0,88,0,88,0,87,1,5000,4912,10,10
48,STRĂINĂTATE,GRECIA,9999,SPARTI,SPARTI,257,Alegeri Prezidentiale,2,0,306,0,306,0,305,1,5000,4694,10,10
48,STRĂINĂTATE,GRECIA,9999,IRAKLIO,IRAKLIO,258,Alegeri Prezidentiale,1,0,143,0,143,0,142,1,5000,4857,10,10
48,STRĂINĂTATE,GRECIA,9999,CHANIA,CHANIA,259,Alegeri Prezidentiale,1,0,196,0,196,0,194,2,5000,4804,10,10
48,STRĂINĂTATE,GRECIA,9999,THIVA,THIVA,260,Alegeri Prezidentiale,1,0,178,0,178,0,177,1,5000,4822,10,10
48,STRĂINĂTATE,GRECIA,9999,SALONIC,SALONIC,261,Alegeri Prezidentiale,1,0,184,0,184,0,183,1,2500,2316,10,10
48,STRĂINĂTATE,GRECIA,9999,SALONIC,SALONIC,262,Alegeri Prezidentiale,1,0,100,0,100,0,98,2,2500,2400,10,10
48,STRĂINĂTATE,IORDANIA,9999,AMMAN,AMMAN,263,Alegeri Prezidentiale,1,0,279,0,279,0,279,0,800,521,10,10
48,STRĂINĂTATE,INDIA,9999,NEW DELHI,NEW DELHI,264,Alegeri Prezidentiale,1,0,77,0,77,0,77,0,200,123,10,10
48,STRĂINĂTATE,REPUBLICA INDONEZIA,9999,JAKARTA,JAKARTA,265,Alegeri Prezidentiale,1,0,21,0,21,0,21,0,250,229,10,10
48,STRĂINĂTATE,IRLANDA,9999,DUBLIN,DUBLIN,266,Alegeri Prezidentiale,2,0,1265,0,1265,0,1262,3,4000,2735,10,10
48,STRĂINĂTATE,IRLANDA,9999,DUBLIN,DUBLIN,267,Alegeri Prezidentiale,2,0,1187,0,1187,0,1181,6,4000,2813,10,10
48,STRĂINĂTATE,IRLANDA,9999,DUBLIN,DUBLIN,268,Alegeri Prezidentiale,1,0,730,0,730,0,728,2,4000,3270,10,10
48,STRĂINĂTATE,IRLANDA,9999,DUBLIN,DUBLIN,269,Alegeri Prezidentiale,2,0,1202,0,1202,0,1195,7,4000,2798,10,10
48,STRĂINĂTATE,IRLANDA,9999,DUBLIN,DUBLIN,270,Alegeri Prezidentiale,2,0,667,0,667,0,665,2,4004,3337,10,10
48,STRĂINĂTATE,IRLANDA,9999,DUBLIN,DUBLIN,271,Alegeri Prezidentiale,1,0,711,0,711,0,707,4,4000,3289,10,10
48,STRĂINĂTATE,IRLANDA,9999,DUBLIN,DUBLIN,272,Alegeri Prezidentiale,1,0,508,0,508,0,507,1,4000,3492,10,10
48,STRĂINĂTATE,IRLANDA,9999,DUBLIN,DUBLIN,273,Alegeri Prezidentiale,1,0,530,0,530,0,529,1,4000,3470,10,10
48,STRĂINĂTATE,IRLANDA,9999,DUBLIN,DUBLIN,274,Alegeri Prezidentiale,1,0,637,0,637,0,637,0,4004,3367,10,10
48,STRĂINĂTATE,IRLANDA,9999,DUBLIN,DUBLIN,275,Alegeri Prezidentiale,2,0,650,0,650,0,649,1,4000,3350,10,10
48,STRĂINĂTATE,IRLANDA,9999,CORK,CORK,276,Alegeri Prezidentiale,2,0,521,0,521,0,503,18,712,191,10,10
48,STRĂINĂTATE,IRLANDA,9999,DROGHEDA,DROGHEDA,277,Alegeri Prezidentiale,1,0,786,0,786,0,779,7,3484,2698,10,10
48,STRĂINĂTATE,IRLANDA,9999,GALWAY,GALWAY,278,Alegeri Prezidentiale,1,0,396,0,396,0,394,2,3502,3106,10,10
48,STRĂINĂTATE,IRLANDA,9999,KILKENNY,KILKENNY,279,Alegeri Prezidentiale,1,0,464,0,464,0,462,2,3500,3036,10,10
48,STRĂINĂTATE,IRLANDA,9999,LIMERICK,LIMERICK,280,Alegeri Prezidentiale,1,0,355,0,355,0,353,2,3500,3145,10,10
48,STRĂINĂTATE,IRLANDA,9999,WATERFORD,WATERFORD,281,Alegeri Prezidentiale,2,0,218,0,218,0,213,5,3500,3282,10,10
48,STRĂINĂTATE,ISRAEL,9999,TEL AVIV,TEL AVIV,282,Alegeri Prezidentiale,1,0,425,0,425,0,423,2,4000,3575,10,10
48,STRĂINĂTATE,ISRAEL,9999,TEL AVIV,TEL AVIV,283,Alegeri Prezidentiale,1,0,132,0,132,0,131,1,4001,3869,10,10
48,STRĂINĂTATE,ISRAEL,9999,IERUSALIM,IERUSALIM,284,Alegeri Prezidentiale,1,0,905,0,905,0,892,13,3996,3091,10,10
48,STRĂINĂTATE,ISRAEL,9999,HAIFA,HAIFA,285,Alegeri Prezidentiale,1,0,230,0,230,0,230,0,4000,3770,10,10
48,STRĂINĂTATE,ISLANDA,9999,REYKJAVIK,REYKJAVIK,286,Alegeri Prezidentiale,1,0,582,0,582,0,581,1,2000,1418,10,10
48,STRĂINĂTATE,ITALIA,9999,ROMA,ROMA,287,Alegeri Prezidentiale,1,0,699,0,699,0,697,2,10000,9301,10,10
48,STRĂINĂTATE,ITALIA,9999,ROMA,ROMA,288,Alegeri Prezidentiale,2,0,2602,0,2602,0,2581,21,8004,5402,10,10
48,STRĂINĂTATE,ITALIA,9999,ROMA,ROMA,289,Alegeri Prezidentiale,1,0,1752,0,1752,0,1748,4,8000,6248,10,10
48,STRĂINĂTATE,ITALIA,9999,ROMA,ROMA,290,Alegeri Prezidentiale,1,0,2440,0,2440,0,2388,52,10000,7560,10,10
48,STRĂINĂTATE,ITALIA,9999,ROMA,ROMA,291,Alegeri Prezidentiale,1,0,1147,0,1147,0,1138,9,9996,8849,10,10
48,STRĂINĂTATE,ITALIA,9999,OSTIA,OSTIA,292,Alegeri Prezidentiale,1,0,1632,0,1632,0,1628,4,6000,4368,10,10
48,STRĂINĂTATE,ITALIA,9999,GUIDONIA,GUIDONIA,293,Alegeri Prezidentiale,2,0,2043,0,2043,0,2034,9,6000,3957,10,10
48,STRĂINĂTATE,ITALIA,9999,LADISPOLI,LADISPOLI,294,Alegeri Prezidentiale,1,0,1874,0,1874,0,1861,13,6000,4126,10,10
48,STRĂINĂTATE,ITALIA,9999,NAPOLI,NAPOLI,295,Alegeri Prezidentiale,1,0,525,0,525,0,523,2,4004,3479,10,10
48,STRĂINĂTATE,ITALIA,9999,OLBIA,OLBIA,296,Alegeri Prezidentiale,1,0,526,0,526,0,525,1,4800,4274,10,10
48,STRĂINĂTATE,ITALIA,9999,PERUGIA,PERUGIA,297,Alegeri Prezidentiale,1,0,1305,0,1305,0,1304,1,10000,8695,10,10
48,STRĂINĂTATE,ITALIA,9999,PESCARA,PESCARA,298,Alegeri Prezidentiale,1,0,1186,0,1186,0,1182,4,6001,4815,10,10
48,STRĂINĂTATE,ITALIA,9999,TERNI,TERNI,299,Alegeri Prezidentiale,1,0,975,0,975,0,971,4,5996,5021,10,10
48,STRĂINĂTATE,ITALIA,9999,VITERBO,VITERBO,300,Alegeri Prezidentiale,1,0,876,0,876,0,871,5,10000,9124,10,10
48,STRĂINĂTATE,ITALIA,9999,MONTEROTONDO,MONTEROTONDO,301,Alegeri Prezidentiale,1,0,1639,0,1639,0,1630,9,6000,4361,10,10
48,STRĂINĂTATE,ITALIA,9999,PALESTRINA,PALESTRINA,302,Alegeri Prezidentiale,2,0,1407,0,1407,0,1402,5,5000,3593,10,10
48,STRĂINĂTATE,ITALIA,9999,ALBANO LAZIALE,ALBANO LAZIALE,303,Alegeri Prezidentiale,2,0,1529,0,1529,0,1524,5,5000,3471,10,10
48,STRĂINĂTATE,ITALIA,9999,FROSIONE,FROSIONE,304,Alegeri Prezidentiale,1,0,469,0,469,0,465,4,6000,5531,10,10
48,STRĂINĂTATE,ITALIA,9999,CAGLIARI,CAGLIARI,305,Alegeri Prezidentiale,1,0,342,0,342,0,340,2,3200,2858,10,10
48,STRĂINĂTATE,ITALIA,9999,LATINA,LATINA,306,Alegeri Prezidentiale,1,0,1561,0,1561,0,1552,8,7000,5440,10,10
48,STRĂINĂTATE,ITALIA,9999,TIVOLI,TIVOLI,307,Alegeri Prezidentiale,2,0,945,0,945,0,941,4,6000,5055,10,10
48,STRĂINĂTATE,ITALIA,9999,RIGNANO FLAMINIO,RIGNANO FLAMINIO,308,Alegeri Prezidentiale,2,0,1049,0,1049,0,1035,14,8000,6951,10,10
48,STRĂINĂTATE,ITALIA,9999,TRIESTE,TRIESTE,309,Alegeri Prezidentiale,1,0,694,0,694,0,691,3,4008,3314,10,10
48,STRĂINĂTATE,ITALIA,9999,VENETIA,VENETIA,310,Alegeri Prezidentiale,1,0,853,0,853,0,850,3,4004,3151,10,10
48,STRĂINĂTATE,ITALIA,9999,CERVIGNANO DEL FRIULI,CERVIGNANO DEL FRIULI,311,Alegeri Prezidentiale,1,0,584,0,584,0,581,3,4004,3420,10,10
48,STRĂINĂTATE,ITALIA,9999,UDINE,UDINE,312,Alegeri Prezidentiale,2,0,1346,0,1346,0,1341,5,6000,4654,10,10
48,STRĂINĂTATE,ITALIA,9999,PORDENONE,PORDENONE,313,Alegeri Prezidentiale,1,0,1561,0,1561,0,1556,5,5998,4437,10,10
48,STRĂINĂTATE,ITALIA,9999,PRATA DI PORDENONE,PRATA DI PORDENONE,314,Alegeri Prezidentiale,2,0,695,0,695,0,695,0,4004,3309,10,10
48,STRĂINĂTATE,ITALIA,9999,VIILLAFRANCA DI VERONA,VIILLAFRANCA DI VERONA,315,Alegeri Prezidentiale,1,0,1244,0,1244,0,1240,4,5996,4752,10,10
48,STRĂINĂTATE,ITALIA,9999,TREVISO,TREVISO,316,Alegeri Prezidentiale,1,0,1214,0,1214,0,1212,2,5992,4778,10,10
48,STRĂINĂTATE,ITALIA,9999,CASTELFRANCO VENETO,CASTELFRANCO VENETO,317,Alegeri Prezidentiale,1,0,2351,0,2351,0,2345,6,6000,3649,10,10
48,STRĂINĂTATE,ITALIA,9999,ODERZO,ODERZO,318,Alegeri Prezidentiale,1,0,1486,0,1486,0,1476,10,4000,2514,10,10
48,STRĂINĂTATE,ITALIA,9999,SAN DONA DI PIAVE,SAN DONA DI PIAVE,319,Alegeri Prezidentiale,2,0,753,0,753,0,750,3,4000,3247,10,10
48,STRĂINĂTATE,ITALIA,9999,PADOVA,PADOVA,320,Alegeri Prezidentiale,2,0,1143,0,1143,0,1139,4,6000,4857,10,10
48,STRĂINĂTATE,ITALIA,9999,PADOVA,PADOVA,321,Alegeri Prezidentiale,1,0,686,0,686,0,683,3,6000,5314,10,10
48,STRĂINĂTATE,ITALIA,9999,CADONEGHE,CADONEGHE,322,Alegeri Prezidentiale,2,0,2393,0,2393,0,2388,5,3996,1603,10,10
48,STRĂINĂTATE,ITALIA,9999,ALBIGNASEGO,ALBIGNASEGO,323,Alegeri Prezidentiale,1,0,965,0,965,0,961,4,4000,3035,10,10
48,STRĂINĂTATE,ITALIA,9999,VICENZA,VICENZA,324,Alegeri Prezidentiale,1,0,1049,0,1049,0,1041,8,6000,4951,10,10
48,STRĂINĂTATE,ITALIA,9999,SCHIO,SCHIO,325,Alegeri Prezidentiale,1,0,616,0,616,0,613,3,4000,3384,10,10
48,STRĂINĂTATE,ITALIA,9999,VERONA,VERONA,326,Alegeri Prezidentiale,1,0,2225,0,2225,0,2218,7,6000,3775,10,10
48,STRĂINĂTATE,ITALIA,9999,VERONA,VERONA,327,Alegeri Prezidentiale,1,0,873,0,873,0,868,5,6000,5127,10,10
48,STRĂINĂTATE,ITALIA,9999,VALEGGIO SUL MINCIO,VALEGGIO SUL MINCIO,328,Alegeri Prezidentiale,1,0,744,0,744,0,742,2,4000,3256,10,10
48,STRĂINĂTATE,ITALIA,9999,BARI,BARI,329,Alegeri Prezidentiale,1,0,149,0,149,0,146,3,5000,4851,10,10
48,STRĂINĂTATE,ITALIA,9999,BARI,BARI,330,Alegeri Prezidentiale,1,0,241,0,241,0,235,6,5001,4760,10,10
48,STRĂINĂTATE,ITALIA,9999,FOGGIA,FOGGIA,331,Alegeri Prezidentiale,1,0,351,0,351,0,345,6,4000,3649,10,10
48,STRĂINĂTATE,ITALIA,9999,LECCE,LECCE,332,Alegeri Prezidentiale,1,0,235,0,235,0,233,2,10000,9765,10,10
48,STRĂINĂTATE,ITALIA,9999,TARANTO,TARANTO,333,Alegeri Prezidentiale,1,0,209,0,209,0,206,3,4001,3792,10,10
48,STRĂINĂTATE,ITALIA,9999,TRANI (REGIUNEA PUGLIA),TRANI (REGIUNEA PUGLIA),334,Alegeri Prezidentiale,1,0,208,0,208,0,208,0,3000,2792,10,10
48,STRĂINĂTATE,ITALIA,9999,GINOSA,GINOSA,335,Alegeri Prezidentiale,2,0,242,0,242,0,235,7,996,754,10,10
48,STRĂINĂTATE,ITALIA,9999,COSENZA,COSENZA,336,Alegeri Prezidentiale,1,0,231,0,231,0,227,4,10000,9769,10,10
48,STRĂINĂTATE,ITALIA,9999,REGGIO CALABRIA,REGGIO CALABRIA,337,Alegeri Prezidentiale,1,0,379,0,379,0,374,5,7001,6622,10,10
48,STRĂINĂTATE,ITALIA,9999,CROTONE,CROTONE,338,Alegeri Prezidentiale,1,0,134,0,134,0,131,3,3001,2867,10,10
48,STRĂINĂTATE,ITALIA,9999,CATANZARO,CATANZARO,339,Alegeri Prezidentiale,1,0,179,0,179,0,179,0,4001,3822,10,10
48,STRĂINĂTATE,ITALIA,9999,VIBO VALENTIA,VIBO VALENTIA,340,Alegeri Prezidentiale,1,0,99,0,99,0,99,0,4000,3901,10,10
48,STRĂINĂTATE,ITALIA,9999,POTENZA,POTENZA,341,Alegeri Prezidentiale,3,0,124,0,124,0,122,2,3000,2876,10,10
48,STRĂINĂTATE,ITALIA,9999,MATERA,MATERA,342,Alegeri Prezidentiale,1,0,159,0,159,0,158,1,5000,4841,10,10
48,STRĂINĂTATE,ITALIA,9999,CAMPOBASSO,CAMPOBASSO,343,Alegeri Prezidentiale,3,0,164,0,164,0,163,1,2000,1836,10,10
48,STRĂINĂTATE,ITALIA,9999,ISERNIA,ISERNIA,344,Alegeri Prezidentiale,1,0,65,0,65,0,65,0,2000,1935,10,10
48,STRĂINĂTATE,ITALIA,9999,BOLOGNA,BOLOGNA,345,Alegeri Prezidentiale,1,0,1701,0,1701,0,1693,8,10000,8299,10,10
48,STRĂINĂTATE,ITALIA,9999,BORGO PANIGALE,BORGO PANIGALE,346,Alegeri Prezidentiale,1,0,871,0,871,0,870,1,10000,9129,10,10
48,STRĂINĂTATE,ITALIA,9999,MALALBERGO,MALALBERGO,347,Alegeri Prezidentiale,1,0,456,0,456,0,454,2,10001,9545,10,10
48,STRĂINĂTATE,ITALIA,9999,IMOLA,IMOLA,348,Alegeri Prezidentiale,1,0,1492,0,1492,0,1489,3,10004,8512,10,10
48,STRĂINĂTATE,ITALIA,9999,PIACENZA,PIACENZA,349,Alegeri Prezidentiale,1,0,1270,0,1270,0,1256,14,10000,8730,10,10
48,STRĂINĂTATE,ITALIA,9999,PARMA,PARMA,350,Alegeri Prezidentiale,1,0,1023,0,1023,0,1020,3,9996,8973,10,10
48,STRĂINĂTATE,ITALIA,9999,REGGIO EMILIA,REGGIO EMILIA,351,Alegeri Prezidentiale,2,0,614,0,614,0,611,3,9997,9383,10,10
48,STRĂINĂTATE,ITALIA,9999,MODENA,MODENA,352,Alegeri Prezidentiale,2,0,1234,0,1234,0,1227,7,10000,8766,10,10
48,STRĂINĂTATE,ITALIA,9999,RIMINI,RIMINI,353,Alegeri Prezidentiale,1,0,738,0,738,0,735,3,10001,9263,10,10
48,STRĂINĂTATE,ITALIA,9999,CESENA,CESENA,354,Alegeri Prezidentiale,2,0,576,0,576,0,575,1,10000,9424,10,10
48,STRĂINĂTATE,ITALIA,9999,FORLI,FORLI,355,Alegeri Prezidentiale,2,0,1019,0,1019,0,1012,7,10001,8982,10,10
48,STRĂINĂTATE,ITALIA,9999,PESARO,PESARO,356,Alegeri Prezidentiale,2,0,581,0,581,0,576,5,10001,9420,10,10
48,STRĂINĂTATE,ITALIA,9999,ANCONA,ANCONA,357,Alegeri Prezidentiale,1,0,1191,0,1191,0,1181,10,10000,8809,10,10
48,STRĂINĂTATE,ITALIA,9999,MACERATA,MACERATA,358,Alegeri Prezidentiale,1,0,559,0,559,0,552,7,10000,9441,10,10
48,STRĂINĂTATE,ITALIA,9999,PRATO,PRATO,359,Alegeri Prezidentiale,1,0,974,0,974,0,971,3,10000,9026,10,10
48,STRĂINĂTATE,ITALIA,9999,FLORENȚA,FLORENȚA,360,Alegeri Prezidentiale,1,0,1607,0,1607,0,1601,6,10000,8393,10,10
48,STRĂINĂTATE,ITALIA,9999,PISTOIA,PISTOIA,361,Alegeri Prezidentiale,1,0,739,0,739,0,737,2,9996,9257,10,10
48,STRĂINĂTATE,ITALIA,9999,AREZZO,AREZZO,362,Alegeri Prezidentiale,1,0,1571,0,1571,0,1565,6,10000,8429,10,10
48,STRĂINĂTATE,ITALIA,9999,GROSSETO,GROSSETO,363,Alegeri Prezidentiale,1,0,719,0,719,0,710,9,10000,9281,10,10
48,STRĂINĂTATE,ITALIA,9999,SIENA,SIENA,364,Alegeri Prezidentiale,1,0,632,0,632,0,630,2,10000,9368,10,10
48,STRĂINĂTATE,ITALIA,9999,MASSA,MASSA,365,Alegeri Prezidentiale,1,0,877,0,877,0,872,5,9992,9115,10,10
48,STRĂINĂTATE,ITALIA,9999,LUCCA,LUCCA,366,Alegeri Prezidentiale,2,0,918,0,918,0,915,3,10000,9082,10,10
48,STRĂINĂTATE,ITALIA,9999,LIVORNO,LIVORNO,367,Alegeri Prezidentiale,2,0,777,0,777,0,775,2,10000,9223,10,10
48,STRĂINĂTATE,ITALIA,9999,SESTO-FIORENTINO,SESTO-FIORENTINO,368,Alegeri Prezidentiale,2,0,640,0,640,0,635,5,10000,9360,10,10
48,STRĂINĂTATE,ITALIA,9999,RAVENNA,RAVENNA,369,Alegeri Prezidentiale,1,0,937,0,937,0,932,5,10000,9063,10,10
48,STRĂINĂTATE,ITALIA,9999,FERRARA,FERRARA,370,Alegeri Prezidentiale,1,0,706,0,706,0,703,3,10000,9294,10,10
48,STRĂINĂTATE,ITALIA,9999,CATANIA,CATANIA,371,Alegeri Prezidentiale,1,0,408,0,408,0,406,2,3000,2592,10,10
48,STRĂINĂTATE,ITALIA,9999,CATANIA,CATANIA,372,Alegeri Prezidentiale,3,0,332,0,332,0,324,8,3000,2668,10,10
48,STRĂINĂTATE,ITALIA,9999,PALERMO,PALERMO,373,Alegeri Prezidentiale,2,0,651,0,651,0,644,7,3000,2349,10,10
48,STRĂINĂTATE,ITALIA,9999,VITTORIA,VITTORIA,374,Alegeri Prezidentiale,1,0,374,0,374,0,373,1,3000,2626,10,10
48,STRĂINĂTATE,ITALIA,9999,ALCAMO,ALCAMO,375,Alegeri Prezidentiale,2,0,316,0,316,0,315,1,3000,2684,10,10
48,STRĂINĂTATE,ITALIA,9999,CANICATTI,CANICATTI,376,Alegeri Prezidentiale,1,0,275,0,275,0,275,0,3000,2725,10,10
48,STRĂINĂTATE,ITALIA,9999,MILANO,MILANO,377,Alegeri Prezidentiale,2,0,629,0,629,0,627,2,7200,6571,10,10
48,STRĂINĂTATE,ITALIA,9999,MILANO,MILANO,378,Alegeri Prezidentiale,2,0,464,0,464,0,464,0,7000,6536,10,10
48,STRĂINĂTATE,ITALIA,9999,MILANO,MILANO,379,Alegeri Prezidentiale,1,0,1672,0,1672,0,1668,4,7300,5628,10,10
48,STRĂINĂTATE,ITALIA,9999,COMO,COMO,380,Alegeri Prezidentiale,1,0,1088,0,1088,0,1080,8,3500,2412,10,10
48,STRĂINĂTATE,ITALIA,9999,VARESE,VARESE,381,Alegeri Prezidentiale,1,0,754,0,754,0,748,6,3496,2742,10,10
48,STRĂINĂTATE,ITALIA,9999,LODI,LODI,382,Alegeri Prezidentiale,1,0,1527,0,1527,0,1517,10,4616,3089,10,10
48,STRĂINĂTATE,ITALIA,9999,CREMA,CREMA,383,Alegeri Prezidentiale,2,0,569,0,569,0,563,5,3500,2932,10,10
48,STRĂINĂTATE,ITALIA,9999,CREMONA,CREMONA,384,Alegeri Prezidentiale,1,0,1199,0,1199,0,1198,1,3501,2302,10,10
48,STRĂINĂTATE,ITALIA,9999,PAVIA,PAVIA,385,Alegeri Prezidentiale,1,0,1109,0,1109,0,1105,4,3500,2391,10,10
48,STRĂINĂTATE,ITALIA,9999,BERGAMO,BERGAMO,386,Alegeri Prezidentiale,1,0,1776,0,1776,0,1771,5,3500,1724,10,10
48,STRĂINĂTATE,ITALIA,9999,ROMANO DI LOMBARDIA,ROMANO DI LOMBARDIA,387,Alegeri Prezidentiale,1,0,1125,0,1125,0,1120,5,3496,2371,10,10
48,STRĂINĂTATE,ITALIA,9999,BRESCIA,BRESCIA,388,Alegeri Prezidentiale,2,0,1653,0,1653,0,1645,8,5221,3568,10,10
48,STRĂINĂTATE,ITALIA,9999,MONTICHIARI,MONTICHIARI,389,Alegeri Prezidentiale,1,0,1500,0,1500,0,1488,12,3600,2100,10,10
48,STRĂINĂTATE,ITALIA,9999,MANTOVA,MANTOVA,390,Alegeri Prezidentiale,1,0,741,0,741,0,737,4,3600,2859,10,10
48,STRĂINĂTATE,ITALIA,9999,ROVERETO,ROVERETO,391,Alegeri Prezidentiale,2,0,435,0,435,0,430,5,3600,3165,10,10
48,STRĂINĂTATE,ITALIA,9999,CLES,CLES,392,Alegeri Prezidentiale,1,0,629,0,629,0,621,8,3600,2971,10,10
48,STRĂINĂTATE,ITALIA,9999,TRENTO,TRENTO,393,Alegeri Prezidentiale,1,0,903,0,903,0,895,8,4716,3813,10,10
48,STRĂINĂTATE,ITALIA,9999,BOLZANO,BOLZANO,394,Alegeri Prezidentiale,1,0,713,0,713,0,710,3,3600,2887,10,10
48,STRĂINĂTATE,ITALIA,9999,MONZA,MONZA,395,Alegeri Prezidentiale,1,0,2571,0,2571,0,2560,11,5116,2545,10,10
48,STRĂINĂTATE,ITALIA,9999,SESTO SAN GIOVANNI,SESTO SAN GIOVANNI,396,Alegeri Prezidentiale,1,0,773,0,773,0,766,7,5216,4443,10,10
48,STRĂINĂTATE,ITALIA,9999,TORINO,TORINO,397,Alegeri Prezidentiale,1,0,2730,0,2730,0,2717,13,5000,2270,10,10
48,STRĂINĂTATE,ITALIA,9999,TORINO,TORINO,398,Alegeri Prezidentiale,1,0,2330,0,2330,0,2325,5,5004,2674,10,10
48,STRĂINĂTATE,ITALIA,9999,TORINO,TORINO,399,Alegeri Prezidentiale,1,0,274,0,274,0,271,3,4996,4722,10,10
48,STRĂINĂTATE,ITALIA,9999,TORINO,TORINO,400,Alegeri Prezidentiale,2,0,607,0,607,0,604,3,4996,4389,10,10
48,STRĂINĂTATE,ITALIA,9999,TORINO,TORINO,401,Alegeri Prezidentiale,2,0,1297,0,1297,0,1293,4,5000,3703,10,10
48,STRĂINĂTATE,ITALIA,9999,MONCALIERI,MONCALIERI,402,Alegeri Prezidentiale,1,0,956,0,956,0,952,4,4000,3044,10,10
48,STRĂINĂTATE,ITALIA,9999,CHIERI,CHIERI,403,Alegeri Prezidentiale,2,0,726,0,726,0,722,4,4000,3274,10,10
48,STRĂINĂTATE,ITALIA,9999,NICHELINO,NICHELINO,404,Alegeri Prezidentiale,1,0,799,0,799,0,793,6,3600,2481,10,10
48,STRĂINĂTATE,ITALIA,9999,SETTIMO TORINESE,SETTIMO TORINESE,405,Alegeri Prezidentiale,1,0,626,0,626,0,623,3,3600,2974,10,10
48,STRĂINĂTATE,ITALIA,9999,PINEROLO,PINEROLO,406,Alegeri Prezidentiale,1,0,1026,0,1026,0,1020,6,3600,2574,10,10
48,STRĂINĂTATE,ITALIA,9999,CARMAGNOLA,CARMAGNOLA,407,Alegeri Prezidentiale,2,0,793,0,793,0,785,8,3200,2407,10,10
48,STRĂINĂTATE,ITALIA,9999,COLLEGNO,COLLEGNO,408,Alegeri Prezidentiale,2,0,1466,0,1466,0,1455,5,3200,1740,10,10
48,STRĂINĂTATE,ITALIA,9999,CHIVASSO,CHIVASSO,409,Alegeri Prezidentiale,1,0,632,0,632,0,628,4,3200,2568,10,10
48,STRĂINĂTATE,ITALIA,9999,IVREA,IVREA,410,Alegeri Prezidentiale,1,0,713,0,713,0,710,3,3200,2487,10,10
48,STRĂINĂTATE,ITALIA,9999,CIRIE,CIRIE,411,Alegeri Prezidentiale,1,0,676,0,676,0,673,3,3200,2524,10,10
48,STRĂINĂTATE,ITALIA,9999,SUSA,SUSA,412,Alegeri Prezidentiale,1,0,384,0,384,0,381,3,3200,2816,10,10
48,STRĂINĂTATE,ITALIA,9999,CUNEO,CUNEO,413,Alegeri Prezidentiale,1,0,841,0,841,0,837,4,3200,2359,10,10
48,STRĂINĂTATE,ITALIA,9999,ALBA,ALBA,414,Alegeri Prezidentiale,2,0,1036,0,1036,0,1026,10,3200,2164,10,10
48,STRĂINĂTATE,ITALIA,9999,MONDOVI,MONDOVI,415,Alegeri Prezidentiale,1,0,255,0,255,0,255,0,3200,2945,10,10
48,STRĂINĂTATE,ITALIA,9999,BIELLA,BIELLA,416,Alegeri Prezidentiale,1,0,320,0,320,0,318,2,3200,2880,10,10
48,STRĂINĂTATE,ITALIA,9999,VERBANIA,VERBANIA,417,Alegeri Prezidentiale,2,0,227,0,227,0,227,0,2500,2273,10,10
48,STRĂINĂTATE,ITALIA,9999,VERCELLI,VERCELLI,418,Alegeri Prezidentiale,1,0,386,0,386,0,379,7,3200,2814,10,10
48,STRĂINĂTATE,ITALIA,9999,ALESSANDRIA,ALESSANDRIA,419,Alegeri Prezidentiale,1,0,928,0,928,0,923,5,3200,2272,10,10
48,STRĂINĂTATE,ITALIA,9999,TORTONA,TORTONA,420,Alegeri Prezidentiale,1,0,960,0,960,0,957,3,3500,2540,10,10
48,STRĂINĂTATE,ITALIA,9999,NOVARA,NOVARA,421,Alegeri Prezidentiale,1,0,582,0,582,0,578,4,3000,2418,10,10
48,STRĂINĂTATE,ITALIA,9999,ASTI,ASTI,422,Alegeri Prezidentiale,1,0,686,0,686,0,683,3,3000,2314,10,10
48,STRĂINĂTATE,ITALIA,9999,GENOVA,GENOVA,423,Alegeri Prezidentiale,2,0,1157,0,1157,0,1150,7,4001,2844,10,10
48,STRĂINĂTATE,ITALIA,9999,LA SPEZIA,LA SPEZIA,424,Alegeri Prezidentiale,2,0,908,0,908,0,903,5,3000,2092,10,10
48,STRĂINĂTATE,ITALIA,9999,SANREMO,SANREMO,425,Alegeri Prezidentiale,1,0,446,0,446,0,446,0,3200,2754,10,10
48,STRĂINĂTATE,ITALIA,9999,IMPERIA,IMPERIA,426,Alegeri Prezidentiale,1,0,192,0,192,0,189,3,3000,2808,10,10
48,STRĂINĂTATE,ITALIA,9999,SAVONA,SAVONA,427,Alegeri Prezidentiale,1,0,367,0,367,0,365,2,3200,2833,10,10
48,STRĂINĂTATE,ITALIA,9999,AOSTA,AOSTA,428,Alegeri Prezidentiale,1,0,513,0,513,0,507,6,3200,2687,10,10
48,STRĂINĂTATE,IRAK,9999,BAGDAD,BAGDAD,429,Alegeri Prezidentiale,1,0,20,0,20,0,20,0,150,130,10,10
48,STRĂINĂTATE,IRAK,9999,ERBIL,ERBIL,430,Alegeri Prezidentiale,1,0,43,0,43,0,43,0,150,107,10,10
48,STRĂINĂTATE,IRAN,9999,TEHERAN,TEHERAN,431,Alegeri Prezidentiale,1,0,27,0,27,0,27,0,200,173,10,10
48,STRĂINĂTATE,JAPONIA,9999,TOKYO,TOKYO,432,Alegeri Prezidentiale,1,0,279,0,279,0,278,1,800,521,10,10
48,STRĂINĂTATE,KAZAHSTAN,9999,NUR-SULTAN,NUR-SULTAN,433,Alegeri Prezidentiale,2,0,20,0,20,0,20,0,204,184,10,10
48,STRĂINĂTATE,KENYA,9999,NAIROBI,NAIROBI,434,Alegeri Prezidentiale,1,0,22,0,22,0,22,0,197,175,10,10
48,STRĂINĂTATE,KUWEIT,9999,KUWEIT,KUWEIT,435,Alegeri Prezidentiale,1,0,207,0,207,0,206,1,800,593,10,10
48,STRĂINĂTATE,LIBAN,9999,BEIRUT,BEIRUT,436,Alegeri Prezidentiale,1,0,146,0,146,0,145,1,500,354,10,10
48,STRĂINĂTATE,LITUANIA,9999,VILNIUS,VILNIUS,437,Alegeri Prezidentiale,1,0,87,0,87,0,87,0,500,413,10,10
48,STRĂINĂTATE,LETONIA,9999,RIGA,RIGA,438,Alegeri Prezidentiale,1,0,55,0,55,0,55,0,500,445,10,10
48,STRĂINĂTATE,LUXEMBURG,9999,LUXEMBURG,LUXEMBURG,439,Alegeri Prezidentiale,1,0,1153,0,1153,0,1143,10,4000,2847,10,10
48,STRĂINĂTATE,LUXEMBURG,9999,LUXEMBURG,LUXEMBURG,440,Alegeri Prezidentiale,1,0,876,0,876,0,875,1,4000,3124,10,10
48,STRĂINĂTATE,LUXEMBURG,9999,LUXEMBURG,LUXEMBURG,441,Alegeri Prezidentiale,1,0,374,0,374,0,373,1,4000,3626,10,10
48,STRĂINĂTATE,MACEDONIA DE NORD,9999,SKOPJE,SKOPJE,442,Alegeri Prezidentiale,1,0,48,0,48,0,48,0,400,352,10,10
48,STRĂINĂTATE,MALAEZIA,9999,KUALA LUMPUR,KUALA LUMPUR,443,Alegeri Prezidentiale,1,0,106,0,106,0,105,1,500,394,10,10
48,STRĂINĂTATE,REPUBLICA MALI,9999,GAO,GAO,444,Alegeri Prezidentiale,1,0,116,0,116,0,115,1,400,284,10,10
48,STRĂINĂTATE,MALTA,9999,SAN PAWL IL-BAHAR,SAN PAWL IL-BAHAR,445,Alegeri Prezidentiale,1,0,660,0,660,0,658,2,3200,2540,10,10
48,STRĂINĂTATE,MAROC,9999,RABAT,RABAT,446,Alegeri Prezidentiale,2,0,89,0,89,0,88,1,800,711,10,10
48,STRĂINĂTATE,MEXIC,9999,CIUDAD DE MÉXICO,CIUDAD DE MÉXICO,447,Alegeri Prezidentiale,1,0,69,0,69,0,68,1,400,331,10,10
48,STRĂINĂTATE,REPUBLICA MOLDOVA,9999,CHIȘINĂU,CHIȘINĂU,448,Alegeri Prezidentiale,2,0,4114,0,4114,0,4105,9,6000,1886,10,10
48,STRĂINĂTATE,REPUBLICA MOLDOVA,9999,CHIȘINĂU,CHIȘINĂU,449,Alegeri Prezidentiale,2,0,2283,0,2283,0,2273,10,7004,4721,10,10
48,STRĂINĂTATE,REPUBLICA MOLDOVA,9999,CHIȘINĂU,CHIȘINĂU,450,Alegeri Prezidentiale,1,0,1929,0,1929,0,1921,8,4000,2071,10,10
48,STRĂINĂTATE,REPUBLICA MOLDOVA,9999,CHIȘINĂU,CHIȘINĂU,451,Alegeri Prezidentiale,1,0,2979,0,2979,0,2971,8,6995,4016,10,10
48,STRĂINĂTATE,REPUBLICA MOLDOVA,9999,CHIȘINĂU,CHIȘINĂU,452,Alegeri Prezidentiale,1,0,1595,0,1595,0,1590,5,6000,4405,10,10
48,STRĂINĂTATE,REPUBLICA MOLDOVA,9999,CHIȘINĂU,CHIȘINĂU,453,Alegeri Prezidentiale,2,0,1168,0,1168,0,1165,3,4997,3829,10,10
48,STRĂINĂTATE,REPUBLICA MOLDOVA,9999,CHIȘINĂU,CHIȘINĂU,454,Alegeri Prezidentiale,1,0,1888,0,1888,0,1885,3,5000,3112,10,10
48,STRĂINĂTATE,REPUBLICA MOLDOVA,9999,CHIȘINĂU,CHIȘINĂU,455,Alegeri Prezidentiale,1,0,1090,0,1090,0,1087,3,4000,2910,10,10
48,STRĂINĂTATE,REPUBLICA MOLDOVA,9999,CHIȘINĂU,CHIȘINĂU,456,Alegeri Prezidentiale,1,0,921,0,921,0,920,1,4000,3079,10,10
48,STRĂINĂTATE,REPUBLICA MOLDOVA,9999,CHIȘINĂU,CHIȘINĂU,457,Alegeri Prezidentiale,2,0,1501,0,1501,0,1501,0,5000,3499,10,10
48,STRĂINĂTATE,REPUBLICA MOLDOVA,9999,CHIȘINĂU,CHIȘINĂU,458,Alegeri Prezidentiale,1,0,1131,0,1131,0,1131,0,5000,3869,10,10
48,STRĂINĂTATE,REPUBLICA MOLDOVA,9999,CHIȘINĂU,CHIȘINĂU,459,Alegeri Prezidentiale,2,0,727,0,727,0,725,2,5008,4281,10,10
48,STRĂINĂTATE,REPUBLICA MOLDOVA,9999,HÎNCEȘTI,HÎNCEȘTI,460,Alegeri Prezidentiale,1,0,1228,0,1228,0,1228,0,4996,3768,10,10
48,STRĂINĂTATE,REPUBLICA MOLDOVA,9999,IALOVENI,IALOVENI,461,Alegeri Prezidentiale,2,0,2287,0,2287,0,2275,12,7000,4713,10,10
48,STRĂINĂTATE,REPUBLICA MOLDOVA,9999,NISPORENI,NISPORENI,462,Alegeri Prezidentiale,1,0,988,0,988,0,984,4,2500,1512,10,10
48,STRĂINĂTATE,REPUBLICA MOLDOVA,9999,ORHEI,ORHEI,463,Alegeri Prezidentiale,1,0,1823,0,1823,0,1819,4,4992,3169,10,10
48,STRĂINĂTATE,REPUBLICA MOLDOVA,9999,CĂUȘENI,CĂUȘENI,464,Alegeri Prezidentiale,1,0,991,0,991,0,988,3,5005,4014,10,10
48,STRĂINĂTATE,REPUBLICA MOLDOVA,9999,ANENII NOI,ANENII NOI,465,Alegeri Prezidentiale,1,0,661,0,661,0,660,1,4996,4335,10,10
48,STRĂINĂTATE,REPUBLICA MOLDOVA,9999,BARDAR,BARDAR,466,Alegeri Prezidentiale,1,0,414,0,414,0,413,1,3600,3186,10,10
48,STRĂINĂTATE,REPUBLICA MOLDOVA,9999,CĂLĂRAȘI,CĂLĂRAȘI,467,Alegeri Prezidentiale,1,0,1032,0,1032,0,1031,1,5000,3968,10,10
48,STRĂINĂTATE,REPUBLICA MOLDOVA,9999,DURLEȘTI,DURLEȘTI,468,Alegeri Prezidentiale,1,0,1245,0,1245,0,1243,2,6000,4755,10,10
48,STRĂINĂTATE,REPUBLICA MOLDOVA,9999,STRĂȘENI,STRĂȘENI,469,Alegeri Prezidentiale,1,0,1291,0,1291,0,1285,6,6000,4709,10,10
48,STRĂINĂTATE,REPUBLICA MOLDOVA,9999,BĂLȚI,BĂLȚI,470,Alegeri Prezidentiale,1,0,896,0,896,0,895,1,3196,2300,10,10
48,STRĂINĂTATE,REPUBLICA MOLDOVA,9999,BĂLȚI,BĂLȚI,471,Alegeri Prezidentiale,1,0,836,0,836,0,835,1,3200,2364,10,10
48,STRĂINĂTATE,REPUBLICA MOLDOVA,9999,UNGHENI,UNGHENI,472,Alegeri Prezidentiale,1,0,1450,0,1450,0,1449,1,3200,1750,10,10
48,STRĂINĂTATE,REPUBLICA MOLDOVA,9999,SOROCA,SOROCA,473,Alegeri Prezidentiale,1,0,652,0,652,0,651,1,3200,2547,10,10
48,STRĂINĂTATE,REPUBLICA MOLDOVA,9999,DROCHIA,DROCHIA,474,Alegeri Prezidentiale,1,0,560,0,560,0,557,3,3200,2640,10,10
48,STRĂINĂTATE,REPUBLICA MOLDOVA,9999,EDINEŢ,EDINEŢ,475,Alegeri Prezidentiale,1,0,682,0,682,0,681,1,3196,2514,10,10
48,STRĂINĂTATE,REPUBLICA MOLDOVA,9999,FĂLEȘTI,FĂLEȘTI,476,Alegeri Prezidentiale,1,0,387,0,387,0,387,0,3200,2813,10,10
48,STRĂINĂTATE,REPUBLICA MOLDOVA,9999,FLOREȘTI,FLOREȘTI,477,Alegeri Prezidentiale,1,0,423,0,423,0,422,1,3200,2777,10,10
48,STRĂINĂTATE,REPUBLICA MOLDOVA,9999,TELENEȘTI,TELENEȘTI,478,Alegeri Prezidentiale,2,0,592,0,592,0,590,2,3200,2608,10,10
48,STRĂINĂTATE,REPUBLICA MOLDOVA,9999,CAHUL,CAHUL,479,Alegeri Prezidentiale,2,0,1346,0,1346,0,1342,4,7000,5654,10,10
48,STRĂINĂTATE,REPUBLICA MOLDOVA,9999,CANTEMIR,CANTEMIR,480,Alegeri Prezidentiale,1,0,552,0,552,0,550,2,5000,4448,10,10
48,STRĂINĂTATE,REPUBLICA MOLDOVA,9999,LEOVA,LEOVA,481,Alegeri Prezidentiale,1,0,514,0,514,0,511,3,5000,4486,10,10
48,STRĂINĂTATE,REPUBLICA MOLDOVA,9999,CIMIȘLIA,CIMIȘLIA,482,Alegeri Prezidentiale,1,0,630,0,630,0,628,2,5000,4370,10,10
48,STRĂINĂTATE,REPUBLICA MOLDOVA,9999,CARABETOVCA,CARABETOVCA,483,Alegeri Prezidentiale,1,0,174,0,174,0,173,1,3000,2826,10,10
48,STRĂINĂTATE,REPUBLICA MOLDOVA,9999,GIURGIULEȘTI,GIURGIULEȘTI,484,Alegeri Prezidentiale,1,0,302,0,302,0,300,2,5000,4698,10,10
48,STRĂINĂTATE,MUNTENEGRU,9999,PODGORICA,PODGORICA,485,Alegeri Prezidentiale,1,0,14,0,14,0,14,0,400,386,10,10
48,STRĂINĂTATE,NORVEGIA,9999,OSLO,OSLO,486,Alegeri Prezidentiale,1,0,653,0,653,0,650,3,3200,2547,10,10
48,STRĂINĂTATE,NORVEGIA,9999,OSLO,OSLO,487,Alegeri Prezidentiale,2,0,721,0,721,0,719,2,3200,2479,10,10
48,STRĂINĂTATE,NORVEGIA,9999,OSLO,OSLO,488,Alegeri Prezidentiale,1,0,169,0,169,0,169,0,3200,3031,10,10
48,STRĂINĂTATE,NORVEGIA,9999,OPPÅKERMOEN,OPPÅKERMOEN,489,Alegeri Prezidentiale,2,0,194,0,194,0,193,1,3200,3006,10,10
48,STRĂINĂTATE,NORVEGIA,9999,KRISTIANSAND,KRISTIANSAND,490,Alegeri Prezidentiale,1,0,201,0,201,0,201,0,3200,2999,10,10
48,STRĂINĂTATE,NORVEGIA,9999,STAVANGER,STAVANGER,491,Alegeri Prezidentiale,1,0,660,0,660,0,657,3,3200,2540,10,10
48,STRĂINĂTATE,NORVEGIA,9999,BERGEN,BERGEN,492,Alegeri Prezidentiale,1,0,685,0,685,0,681,4,3200,2515,10,10
48,STRĂINĂTATE,NORVEGIA,9999,VATNE,VATNE,493,Alegeri Prezidentiale,1,0,388,0,388,0,388,0,3200,2812,10,10
48,STRĂINĂTATE,NORVEGIA,9999,TRONDHEIM,TRONDHEIM,494,Alegeri Prezidentiale,1,0,149,0,149,0,149,0,3200,3051,10,10
48,STRĂINĂTATE,NORVEGIA,9999,TROMSØ,TROMSØ,495,Alegeri Prezidentiale,1,0,169,0,169,0,166,3,3200,3031,10,10
48,STRĂINĂTATE,NIGERIA,9999,ABUJA,ABUJA,496,Alegeri Prezidentiale,1,0,25,0,25,0,25,0,200,175,10,10
48,STRĂINĂTATE,OLANDA,9999,AMSTERDAM,AMSTERDAM,497,Alegeri Prezidentiale,1,0,777,0,777,0,775,2,3600,2823,10,10
48,STRĂINĂTATE,OLANDA,9999,AMSTERDAM,AMSTERDAM,498,Alegeri Prezidentiale,2,0,1023,0,1023,0,1019,4,3600,2577,10,10
48,STRĂINĂTATE,OLANDA,9999,AMSTERDAM,AMSTERDAM,499,Alegeri Prezidentiale,1,0,540,0,540,0,532,8,3600,3060,10,10
48,STRĂINĂTATE,OLANDA,9999,AMSTERDAM,AMSTERDAM,500,Alegeri Prezidentiale,1,0,761,0,761,0,758,3,3600,2839,10,10
48,STRĂINĂTATE,OLANDA,9999,AMSTERDAM,AMSTERDAM,501,Alegeri Prezidentiale,1,0,486,0,486,0,480,6,3600,3114,10,10
48,STRĂINĂTATE,OLANDA,9999,HAGA,HAGA,502,Alegeri Prezidentiale,1,0,318,0,318,0,318,0,3600,3282,10,10
48,STRĂINĂTATE,OLANDA,9999,HAGA,HAGA,503,Alegeri Prezidentiale,1,0,416,0,416,0,415,1,3600,3184,10,10
48,STRĂINĂTATE,OLANDA,9999,HAGA,HAGA,504,Alegeri Prezidentiale,2,0,404,0,404,0,401,3,3600,3196,10,10
48,STRĂINĂTATE,OLANDA,9999,HAGA,HAGA,505,Alegeri Prezidentiale,2,0,381,0,381,0,379,2,3600,3219,10,10
48,STRĂINĂTATE,OLANDA,9999,ROTTERDAM,ROTTERDAM,506,Alegeri Prezidentiale,1,0,433,0,433,0,432,1,800,367,10,10
48,STRĂINĂTATE,OLANDA,9999,ROTTERDAM,ROTTERDAM,507,Alegeri Prezidentiale,1,0,912,0,912,0,907,5,3600,2688,10,10
48,STRĂINĂTATE,OLANDA,9999,ROTTERDAM,ROTTERDAM,508,Alegeri Prezidentiale,1,0,437,0,437,0,435,2,3600,3163,10,10
48,STRĂINĂTATE,OLANDA,9999,ROTTERDAM,ROTTERDAM,509,Alegeri Prezidentiale,1,0,245,0,245,0,245,0,3600,3355,10,10
48,STRĂINĂTATE,OLANDA,9999,ROTTERDAM,ROTTERDAM,510,Alegeri Prezidentiale,1,0,202,0,202,0,202,0,3596,3394,10,10
48,STRĂINĂTATE,OLANDA,9999,GRONINGEN,GRONINGEN,511,Alegeri Prezidentiale,2,0,117,0,117,0,117,0,3600,3483,10,10
48,STRĂINĂTATE,OLANDA,9999,GRONINGEN,GRONINGEN,512,Alegeri Prezidentiale,1,0,288,0,288,0,285,3,3600,3312,10,10
48,STRĂINĂTATE,OLANDA,9999,GRONINGEN,GRONINGEN,513,Alegeri Prezidentiale,1,0,338,0,338,0,338,0,3597,3259,10,10
48,STRĂINĂTATE,OLANDA,9999,GRONINGEN,GRONINGEN,514,Alegeri Prezidentiale,1,0,217,0,217,0,216,1,3600,3383,10,10
48,STRĂINĂTATE,OLANDA,9999,EINDHOVEN,EINDHOVEN,515,Alegeri Prezidentiale,1,0,484,0,484,0,483,1,3600,3116,10,10
48,STRĂINĂTATE,OLANDA,9999,EINDHOVEN,EINDHOVEN,516,Alegeri Prezidentiale,2,0,485,0,485,0,483,2,3600,3115,10,10
48,STRĂINĂTATE,OLANDA,9999,EINDHOVEN,EINDHOVEN,517,Alegeri Prezidentiale,1,0,485,0,485,0,479,6,3600,3115,10,10
48,STRĂINĂTATE,OLANDA,9999,EINDHOVEN,EINDHOVEN,518,Alegeri Prezidentiale,1,0,485,0,485,0,476,9,3600,3115,10,10
48,STRĂINĂTATE,OLANDA,9999,HAGA,HAGA,519,Alegeri Prezidentiale,1,0,403,0,403,0,400,3,800,397,10,10
48,STRĂINĂTATE,OLANDA,9999,HAGA,HAGA,520,Alegeri Prezidentiale,1,0,455,0,455,0,455,0,3600,3145,10,10
48,STRĂINĂTATE,OLANDA,9999,HAGA,HAGA,521,Alegeri Prezidentiale,2,0,352,0,352,0,349,3,3600,3248,10,10
48,STRĂINĂTATE,SULTANATUL OMAN,9999,MUSCAT,MUSCAT,522,Alegeri Prezidentiale,1,0,98,0,98,0,96,2,800,702,10,10
48,STRĂINĂTATE,PAKISTAN,9999,ISLAMABAD,ISLAMABAD,523,Alegeri Prezidentiale,1,0,19,0,19,0,19,0,100,81,10,10
48,STRĂINĂTATE,PALESTINA,9999,RAMALLAH,RAMALLAH,524,Alegeri Prezidentiale,1,0,23,0,23,0,23,0,400,377,10,10
48,STRĂINĂTATE,PERU,9999,LIMA,LIMA,525,Alegeri Prezidentiale,1,0,51,0,51,0,51,0,500,449,10,10
48,STRĂINĂTATE,POLONIA,9999,VARŞOVIA,VARŞOVIA,526,Alegeri Prezidentiale,1,0,499,0,499,0,496,3,2000,1501,10,10
48,STRĂINĂTATE,POLONIA,9999,CRACOVIA,CRACOVIA,527,Alegeri Prezidentiale,1,0,316,0,316,0,311,5,1200,884,10,10
48,STRĂINĂTATE,POLONIA,9999,WROCLAW,WROCLAW,528,Alegeri Prezidentiale,1,0,106,0,106,0,105,1,1200,1094,10,10
48,STRĂINĂTATE,POLONIA,9999,GDANSK,GDANSK,529,Alegeri Prezidentiale,1,0,187,0,187,0,183,4,1200,1013,10,10
48,STRĂINĂTATE,PORTUGALIA,9999,LISABONA,LISABONA,530,Alegeri Prezidentiale,1,0,437,0,437,0,435,2,3600,3163,10,10
48,STRĂINĂTATE,PORTUGALIA,9999,LISABONA,LISABONA,531,Alegeri Prezidentiale,2,0,476,0,476,0,473,3,2500,2024,10,10
48,STRĂINĂTATE,PORTUGALIA,9999,LISABONA,LISABONA,532,Alegeri Prezidentiale,1,0,331,0,331,0,327,4,2500,2169,10,10
48,STRĂINĂTATE,PORTUGALIA,9999,PORTO,PORTO,533,Alegeri Prezidentiale,1,0,218,0,218,0,218,0,2500,2282,10,10
48,STRĂINĂTATE,PORTUGALIA,9999,LEIRIA,LEIRIA,534,Alegeri Prezidentiale,1,0,74,0,74,0,74,0,3000,2926,10,10
48,STRĂINĂTATE,PORTUGALIA,9999,SETUBAL,SETUBAL,535,Alegeri Prezidentiale,1,0,251,0,251,0,251,0,3000,2749,10,10
48,STRĂINĂTATE,PORTUGALIA,9999,LAGOS,LAGOS,536,Alegeri Prezidentiale,1,0,169,0,169,0,169,0,3000,2831,10,10
48,STRĂINĂTATE,PORTUGALIA,9999,LOULÉ,LOULÉ,537,Alegeri Prezidentiale,2,0,426,0,426,0,424,2,2992,2566,10,10
48,STRĂINĂTATE,PORTUGALIA,9999,TAVIRA,TAVIRA,538,Alegeri Prezidentiale,1,0,154,0,154,0,152,2,3020,2866,10,10
48,STRĂINĂTATE,QATAR,9999,DOHA,DOHA,539,Alegeri Prezidentiale,1,0,495,0,495,0,493,2,2400,1905,10,10
48,STRĂINĂTATE,REGATUL UNIT AL MARII BRITANII SI IRLANDEI DE NORD,9999,LONDRA,LONDRA,540,Alegeri Prezidentiale,1,0,1740,0,1740,0,1737,3,12000,10260,10,10
48,STRĂINĂTATE,REGATUL UNIT AL MARII BRITANII SI IRLANDEI DE NORD,9999,LONDRA,LONDRA,541,Alegeri Prezidentiale,1,0,1372,0,1372,0,1364,8,12000,10628,10,10
48,STRĂINĂTATE,REGATUL UNIT AL MARII BRITANII SI IRLANDEI DE NORD,9999,LONDRA,LONDRA,542,Alegeri Prezidentiale,1,0,562,0,562,0,562,0,12000,11438,10,10
48,STRĂINĂTATE,REGATUL UNIT AL MARII BRITANII SI IRLANDEI DE NORD,9999,LONDRA,LONDRA,543,Alegeri Prezidentiale,1,0,1371,0,1371,0,1368,3,12000,10629,10,10
48,STRĂINĂTATE,REGATUL UNIT AL MARII BRITANII SI IRLANDEI DE NORD,9999,LONDRA,LONDRA,544,Alegeri Prezidentiale,1,0,1749,0,1749,0,1743,6,12000,10251,10,10
48,STRĂINĂTATE,REGATUL UNIT AL MARII BRITANII SI IRLANDEI DE NORD,9999,LONDRA/BRENT,LONDRA/BRENT,545,Alegeri Prezidentiale,1,0,1987,0,1987,0,1976,11,12000,10013,10,10
48,STRĂINĂTATE,REGATUL UNIT AL MARII BRITANII SI IRLANDEI DE NORD,9999,LONDRA/BRENT,LONDRA/BRENT,546,Alegeri Prezidentiale,1,0,1183,0,1183,0,1179,4,12000,10817,10,10
48,STRĂINĂTATE,REGATUL UNIT AL MARII BRITANII SI IRLANDEI DE NORD,9999,LONDRA/BRENT,LONDRA/BRENT,547,Alegeri Prezidentiale,2,0,1789,0,1789,0,1779,10,12000,10211,10,10
48,STRĂINĂTATE,REGATUL UNIT AL MARII BRITANII SI IRLANDEI DE NORD,9999,LONDRA/STRATFORD,LONDRA/STRATFORD,548,Alegeri Prezidentiale,1,0,4437,0,4437,0,4412,25,12000,7563,10,10
48,STRĂINĂTATE,REGATUL UNIT AL MARII BRITANII SI IRLANDEI DE NORD,9999,LONDRA/STRATFORD,LONDRA/STRATFORD,549,Alegeri Prezidentiale,2,0,5737,0,5737,0,5701,33,12000,6263,10,10
48,STRĂINĂTATE,REGATUL UNIT AL MARII BRITANII SI IRLANDEI DE NORD,9999,LONDRA/CAMDEN,LONDRA/CAMDEN,550,Alegeri Prezidentiale,1,0,1489,0,1489,0,1481,8,12000,10511,10,10
48,STRĂINĂTATE,REGATUL UNIT AL MARII BRITANII SI IRLANDEI DE NORD,9999,LONDRA/HARROW,LONDRA/HARROW,551,Alegeri Prezidentiale,1,0,3142,0,3142,0,3125,17,12000,8858,10,10
48,STRĂINĂTATE,REGATUL UNIT AL MARII BRITANII SI IRLANDEI DE NORD,9999,LONDRA/HARROW,LONDRA/HARROW,552,Alegeri Prezidentiale,2,0,3576,0,3576,0,3560,16,12000,8424,10,10
48,STRĂINĂTATE,REGATUL UNIT AL MARII BRITANII SI IRLANDEI DE NORD,9999,LONDRA EDGWARE,LONDRA EDGWARE,553,Alegeri Prezidentiale,2,0,7264,0,7264,0,7234,30,11994,4730,10,10
48,STRĂINĂTATE,REGATUL UNIT AL MARII BRITANII SI IRLANDEI DE NORD,9999,LONDRA/WATFORD,LONDRA/WATFORD,554,Alegeri Prezidentiale,2,0,2938,0,2938,0,2924,14,12024,9086,10,10
48,STRĂINĂTATE,REGATUL UNIT AL MARII BRITANII SI IRLANDEI DE NORD,9999,LONDRA/BATTERSEA,LONDRA/BATTERSEA,555,Alegeri Prezidentiale,2,0,1219,0,1219,0,1211,8,12000,10781,10,10
48,STRĂINĂTATE,REGATUL UNIT AL MARII BRITANII SI IRLANDEI DE NORD,9999,LONDRA/BARKING,LONDRA/BARKING,556,Alegeri Prezidentiale,1,0,4657,0,4657,0,4648,9,12000,7343,10,10
48,STRĂINĂTATE,REGATUL UNIT AL MARII BRITANII SI IRLANDEI DE NORD,9999,LONDRA/WANDSWORTH,LONDRA/WANDSWORTH,557,Alegeri Prezidentiale,1,0,1740,0,1740,0,1731,9,11996,10256,10,10
48,STRĂINĂTATE,REGATUL UNIT AL MARII BRITANII SI IRLANDEI DE NORD,9999,SLOUGH,SLOUGH,558,Alegeri Prezidentiale,2,0,2998,0,2998,0,2982,16,10000,7002,10,10
48,STRĂINĂTATE,REGATUL UNIT AL MARII BRITANII SI IRLANDEI DE NORD,9999,PORTSMOUTH,PORTSMOUTH,559,Alegeri Prezidentiale,1,0,1529,0,1529,0,1520,9,9992,8463,10,10
48,STRĂINĂTATE,REGATUL UNIT AL MARII BRITANII SI IRLANDEI DE NORD,9999,READING,READING,560,Alegeri Prezidentiale,2,0,2211,0,2211,0,2201,10,10000,7789,10,10
48,STRĂINĂTATE,REGATUL UNIT AL MARII BRITANII SI IRLANDEI DE NORD,9999,WOKING,WOKING,561,Alegeri Prezidentiale,2,0,1721,0,1721,0,1712,9,10000,8279,10,10
48,STRĂINĂTATE,REGATUL UNIT AL MARII BRITANII SI IRLANDEI DE NORD,9999,SOUTHAMPTON,SOUTHAMPTON,562,Alegeri Prezidentiale,1,0,1821,0,1821,0,1803,18,10000,8179,10,10
48,STRĂINĂTATE,REGATUL UNIT AL MARII BRITANII SI IRLANDEI DE NORD,9999,CANTERBURY,CANTERBURY,563,Alegeri Prezidentiale,2,0,2203,0,2203,0,2196,7,10000,7796,10,10
48,STRĂINĂTATE,REGATUL UNIT AL MARII BRITANII SI IRLANDEI DE NORD,9999,INSULA JERSEY (JERSEY),INSULA JERSEY (JERSEY),564,Alegeri Prezidentiale,2,0,593,0,593,0,588,5,7484,6891,10,10
48,STRĂINĂTATE,REGATUL UNIT AL MARII BRITANII SI IRLANDEI DE NORD,9999,LUTON,LUTON,565,Alegeri Prezidentiale,1,0,2153,0,2153,0,2145,8,9996,7843,10,10
48,STRĂINĂTATE,REGATUL UNIT AL MARII BRITANII SI IRLANDEI DE NORD,9999,LUTON,LUTON,566,Alegeri Prezidentiale,2,0,1577,0,1577,0,1572,5,10000,8423,10,10
48,STRĂINĂTATE,REGATUL UNIT AL MARII BRITANII SI IRLANDEI DE NORD,9999,OXFORD,OXFORD,567,Alegeri Prezidentiale,2,0,1642,0,1642,0,1635,7,9997,8355,10,10
48,STRĂINĂTATE,REGATUL UNIT AL MARII BRITANII SI IRLANDEI DE NORD,9999,MILTON KEYNES/ BEDFORD,MILTON KEYNES/ BEDFORD,568,Alegeri Prezidentiale,1,0,3078,0,3078,0,3056,22,3801,723,10,10
48,STRĂINĂTATE,REGATUL UNIT AL MARII BRITANII SI IRLANDEI DE NORD,9999,REDDITCH / WARWICK / LEMINGTON SPA,REDDITCH / WARWICK / LEMINGTON SPA,569,Alegeri Prezidentiale,1,0,1232,0,1232,0,1224,8,10000,8768,10,10
48,STRĂINĂTATE,REGATUL UNIT AL MARII BRITANII SI IRLANDEI DE NORD,9999,PETERBOROUGH,PETERBOROUGH,570,Alegeri Prezidentiale,1,0,2056,0,2056,0,2042,14,10000,7944,10,10
48,STRĂINĂTATE,REGATUL UNIT AL MARII BRITANII SI IRLANDEI DE NORD,9999,COLCHESTER,COLCHESTER,571,Alegeri Prezidentiale,2,0,2281,0,2281,0,2277,4,10000,7719,10,10
48,STRĂINĂTATE,REGATUL UNIT AL MARII BRITANII SI IRLANDEI DE NORD,9999,NORWICH,NORWICH,572,Alegeri Prezidentiale,1,0,862,0,862,0,859,3,10000,9138,10,10
48,STRĂINĂTATE,REGATUL UNIT AL MARII BRITANII SI IRLANDEI DE NORD,9999,CRAWLEY,CRAWLEY,573,Alegeri Prezidentiale,1,0,1897,0,1897,0,1884,13,9996,8099,10,10
48,STRĂINĂTATE,REGATUL UNIT AL MARII BRITANII SI IRLANDEI DE NORD,9999,BRISTOL,BRISTOL,574,Alegeri Prezidentiale,1,0,1174,0,1174,0,1170,4,10000,8826,10,10
48,STRĂINĂTATE,REGATUL UNIT AL MARII BRITANII SI IRLANDEI DE NORD,9999,BRISTOL,BRISTOL,575,Alegeri Prezidentiale,1,0,1165,0,1165,0,1157,8,10000,8835,10,10
48,STRĂINĂTATE,REGATUL UNIT AL MARII BRITANII SI IRLANDEI DE NORD,9999,SWINDON,SWINDON,576,Alegeri Prezidentiale,1,0,519,0,519,0,516,3,10000,9481,10,10
48,STRĂINĂTATE,REGATUL UNIT AL MARII BRITANII SI IRLANDEI DE NORD,9999,SWINDON,SWINDON,577,Alegeri Prezidentiale,1,0,667,0,667,0,663,4,10004,9337,10,10
48,STRĂINĂTATE,REGATUL UNIT AL MARII BRITANII SI IRLANDEI DE NORD,9999,PLYMOUTH,PLYMOUTH,578,Alegeri Prezidentiale,1,0,370,0,370,0,368,2,10000,9630,10,10
48,STRĂINĂTATE,REGATUL UNIT AL MARII BRITANII SI IRLANDEI DE NORD,9999,PLYMOUTH,PLYMOUTH,579,Alegeri Prezidentiale,2,0,422,0,422,0,419,3,9996,9574,10,10
48,STRĂINĂTATE,REGATUL UNIT AL MARII BRITANII SI IRLANDEI DE NORD,9999,EXETER,EXETER,580,Alegeri Prezidentiale,1,0,818,0,818,0,814,4,10000,9182,10,10
48,STRĂINĂTATE,REGATUL UNIT AL MARII BRITANII SI IRLANDEI DE NORD,9999,BRIGHTON,BRIGHTON,581,Alegeri Prezidentiale,2,0,978,0,978,0,978,0,10000,9022,10,10
48,STRĂINĂTATE,REGATUL UNIT AL MARII BRITANII SI IRLANDEI DE NORD,9999,CARDIFF,CARDIFF,582,Alegeri Prezidentiale,1,0,798,0,798,0,787,11,10000,9202,10,10
48,STRĂINĂTATE,REGATUL UNIT AL MARII BRITANII SI IRLANDEI DE NORD,9999,SWANSEA,SWANSEA,583,Alegeri Prezidentiale,1,0,367,0,367,0,367,0,10000,9633,10,10
48,STRĂINĂTATE,REGATUL UNIT AL MARII BRITANII SI IRLANDEI DE NORD,9999,HEREFORD,HEREFORD,584,Alegeri Prezidentiale,1,0,978,0,978,0,974,4,10000,9022,10,10
48,STRĂINĂTATE,REGATUL UNIT AL MARII BRITANII SI IRLANDEI DE NORD,9999,MANCHESTER,MANCHESTER,585,Alegeri Prezidentiale,1,0,1105,0,1105,0,1102,3,10000,8895,10,10
48,STRĂINĂTATE,REGATUL UNIT AL MARII BRITANII SI IRLANDEI DE NORD,9999,MANCHESTER,MANCHESTER,586,Alegeri Prezidentiale,2,0,1429,0,1429,0,1420,9,10000,8571,10,10
48,STRĂINĂTATE,REGATUL UNIT AL MARII BRITANII SI IRLANDEI DE NORD,9999,LIVERPOOL,LIVERPOOL,587,Alegeri Prezidentiale,1,0,1797,0,1797,0,1790,7,5004,3207,10,10
48,STRĂINĂTATE,REGATUL UNIT AL MARII BRITANII SI IRLANDEI DE NORD,9999,PRESTON,PRESTON,588,Alegeri Prezidentiale,1,0,972,0,972,0,962,10,4996,4024,10,10
48,STRĂINĂTATE,REGATUL UNIT AL MARII BRITANII SI IRLANDEI DE NORD,9999,LEEDS,LEEDS,589,Alegeri Prezidentiale,1,0,1054,0,1054,0,1039,15,10000,8946,10,10
48,STRĂINĂTATE,REGATUL UNIT AL MARII BRITANII SI IRLANDEI DE NORD,9999,LEEDS,LEEDS,590,Alegeri Prezidentiale,2,0,1014,0,1014,0,1009,5,7504,6490,10,10
48,STRĂINĂTATE,REGATUL UNIT AL MARII BRITANII SI IRLANDEI DE NORD,9999,NORTHAMPTON,NORTHAMPTON,591,Alegeri Prezidentiale,1,0,2974,0,2974,0,2952,22,10000,7026,10,10
48,STRĂINĂTATE,REGATUL UNIT AL MARII BRITANII SI IRLANDEI DE NORD,9999,NORTHAMPTON,NORTHAMPTON,592,Alegeri Prezidentiale,1,0,847,0,847,0,846,1,10000,9153,10,10
48,STRĂINĂTATE,REGATUL UNIT AL MARII BRITANII SI IRLANDEI DE NORD,9999,BIRMINGHAM,BIRMINGHAM,593,Alegeri Prezidentiale,2,0,1699,0,1699,0,1691,8,9996,8297,10,10
48,STRĂINĂTATE,REGATUL UNIT AL MARII BRITANII SI IRLANDEI DE NORD,9999,BIRMINGHAM,BIRMINGHAM,594,Alegeri Prezidentiale,2,0,1981,0,1981,0,1973,8,10000,8019,10,10
48,STRĂINĂTATE,REGATUL UNIT AL MARII BRITANII SI IRLANDEI DE NORD,9999,COVENTRY,COVENTRY,595,Alegeri Prezidentiale,2,0,1578,0,1578,0,1568,10,7500,5922,10,10
48,STRĂINĂTATE,REGATUL UNIT AL MARII BRITANII SI IRLANDEI DE NORD,9999,COVENTRY,COVENTRY,596,Alegeri Prezidentiale,1,0,1438,0,1438,0,1430,8,7496,6058,10,10
48,STRĂINĂTATE,REGATUL UNIT AL MARII BRITANII SI IRLANDEI DE NORD,9999,WOLVERHAMPTON,WOLVERHAMPTON,597,Alegeri Prezidentiale,2,0,2192,0,2192,0,2116,76,7500,5308,10,10
48,STRĂINĂTATE,REGATUL UNIT AL MARII BRITANII SI IRLANDEI DE NORD,9999,LEICESTER,LEICESTER,598,Alegeri Prezidentiale,2,0,1850,0,1850,0,1841,9,7500,5650,10,10
48,STRĂINĂTATE,REGATUL UNIT AL MARII BRITANII SI IRLANDEI DE NORD,9999,NOTTINGHAM,NOTTINGHAM,599,Alegeri Prezidentiale,1,0,1546,0,1546,0,1536,10,7500,5954,10,10
48,STRĂINĂTATE,REGATUL UNIT AL MARII BRITANII SI IRLANDEI DE NORD,9999,DONCASTER,DONCASTER,600,Alegeri Prezidentiale,2,0,2533,0,2533,0,2506,27,5000,2467,10,10
48,STRĂINĂTATE,REGATUL UNIT AL MARII BRITANII SI IRLANDEI DE NORD,9999,NEWCASTLE UPON TYNE,NEWCASTLE UPON TYNE,601,Alegeri Prezidentiale,2,0,1147,0,1147,0,1144,3,5000,3853,10,10
48,STRĂINĂTATE,REGATUL UNIT AL MARII BRITANII SI IRLANDEI DE NORD,9999,LOUGHBOROUGH,LOUGHBOROUGH,602,Alegeri Prezidentiale,2,0,622,0,622,0,614,8,5000,4378,10,10
48,STRĂINĂTATE,REGATUL UNIT AL MARII BRITANII SI IRLANDEI DE NORD,9999,KINGSTON UPON HULL,KINGSTON UPON HULL,603,Alegeri Prezidentiale,2,0,893,0,893,0,887,6,5000,4107,10,10
48,STRĂINĂTATE,REGATUL UNIT AL MARII BRITANII SI IRLANDEI DE NORD,9999,EDINBURGH,EDINBURGH,604,Alegeri Prezidentiale,1,0,729,0,729,0,727,2,6000,5271,10,10
48,STRĂINĂTATE,REGATUL UNIT AL MARII BRITANII SI IRLANDEI DE NORD,9999,EDINBURGH,EDINBURGH,605,Alegeri Prezidentiale,1,0,219,0,219,0,218,1,6000,5781,10,10
48,STRĂINĂTATE,REGATUL UNIT AL MARII BRITANII SI IRLANDEI DE NORD,9999,GLASGOW,GLASGOW,606,Alegeri Prezidentiale,1,0,480,0,480,0,477,3,6000,5520,10,10
48,STRĂINĂTATE,REGATUL UNIT AL MARII BRITANII SI IRLANDEI DE NORD,9999,GLASGOW,GLASGOW,607,Alegeri Prezidentiale,2,0,624,0,624,0,617,7,6000,5376,10,10
48,STRĂINĂTATE,REGATUL UNIT AL MARII BRITANII SI IRLANDEI DE NORD,9999,PERTH,PERTH,608,Alegeri Prezidentiale,1,0,299,0,299,0,298,1,6000,5701,10,10
48,STRĂINĂTATE,REGATUL UNIT AL MARII BRITANII SI IRLANDEI DE NORD,9999,ABERDEEN,ABERDEEN,609,Alegeri Prezidentiale,1,0,654,0,654,0,652,2,6000,5346,10,10
48,STRĂINĂTATE,REGATUL UNIT AL MARII BRITANII SI IRLANDEI DE NORD,9999,BELFAST,BELFAST,610,Alegeri Prezidentiale,2,0,623,0,623,0,618,5,6000,5377,10,10
48,STRĂINĂTATE,REGATUL UNIT AL MARII BRITANII SI IRLANDEI DE NORD,9999,BALLYMENA,BALLYMENA,611,Alegeri Prezidentiale,2,0,677,0,677,0,676,1,6000,5323,10,10
48,STRĂINĂTATE,FEDERATIA RUSA,9999,MOSCOVA,MOSCOVA,612,Alegeri Prezidentiale,1,0,151,0,151,0,150,1,500,349,10,10
48,STRĂINĂTATE,FEDERATIA RUSA,9999,SANKT PETERSBURG,SANKT PETERSBURG,613,Alegeri Prezidentiale,1,0,43,0,43,0,43,0,500,457,10,10
48,STRĂINĂTATE,FEDERATIA RUSA,9999,ROSTOV PE DON,ROSTOV PE DON,614,Alegeri Prezidentiale,1,0,13,0,13,0,13,0,500,487,10,10
48,STRĂINĂTATE,SENEGAL,9999,DAKAR,DAKAR,615,Alegeri Prezidentiale,2,0,37,0,37,0,37,0,100,63,10,10
48,STRĂINĂTATE,SERBIA,9999,BELGRAD,BELGRAD,616,Alegeri Prezidentiale,1,0,198,0,198,0,198,0,1200,1002,10,10
48,STRĂINĂTATE,SERBIA,9999,VÂRȘEȚ,VÂRȘEȚ,617,Alegeri Prezidentiale,1,0,105,0,105,0,105,0,800,695,10,10
48,STRĂINĂTATE,SERBIA,9999,ZAJEČAR,ZAJEČAR,618,Alegeri Prezidentiale,1,0,24,0,24,0,23,1,500,476,10,10
48,STRĂINĂTATE,SERBIA,9999,PRIȘTINA,PRIȘTINA,619,Alegeri Prezidentiale,1,0,93,0,93,0,93,0,500,407,10,10
48,STRĂINĂTATE,REPUBLICA SINGAPORE,9999,SINGAPORE,SINGAPORE,620,Alegeri Prezidentiale,1,0,302,0,302,0,302,0,800,498,10,10
48,STRĂINĂTATE,SIRIA,9999,DAMASC,DAMASC,621,Alegeri Prezidentiale,1,0,27,0,27,0,27,0,400,373,10,10
48,STRĂINĂTATE,SLOVENIA,9999,LJUBLJANA,LJUBLJANA,622,Alegeri Prezidentiale,1,0,89,0,89,0,88,1,2401,2312,10,10
48,STRĂINĂTATE,SLOVACIA,9999,BRATISLAVA,BRATISLAVA,623,Alegeri Prezidentiale,2,0,435,0,435,0,433,2,1200,765,10,10
48,STRĂINĂTATE,SPANIA,9999,MADRID,MADRID,624,Alegeri Prezidentiale,1,0,629,0,629,0,626,3,7000,6371,10,10
48,STRĂINĂTATE,SPANIA,9999,MADRID,MADRID,625,Alegeri Prezidentiale,1,0,772,0,772,0,769,3,6996,6224,10,10
48,STRĂINĂTATE,SPANIA,9999,MADRID,MADRID,626,Alegeri Prezidentiale,1,0,1961,0,1961,0,1949,12,6996,5035,10,10
48,STRĂINĂTATE,SPANIA,9999,MADRID,MADRID,627,Alegeri Prezidentiale,1,0,1256,0,1256,0,1249,7,7000,5744,10,10
48,STRĂINĂTATE,SPANIA,9999,MADRID,MADRID,628,Alegeri Prezidentiale,1,0,823,0,823,0,821,2,7000,6177,10,10
48,STRĂINĂTATE,SPANIA,9999,MADRID,MADRID,629,Alegeri Prezidentiale,1,0,90,0,90,0,90,0,6000,5910,10,10
48,STRĂINĂTATE,SPANIA,9999,MADRID,MADRID,630,Alegeri Prezidentiale,1,0,63,0,63,0,63,0,6000,5937,10,10
48,STRĂINĂTATE,SPANIA,9999,MADRID,MADRID,631,Alegeri Prezidentiale,1,0,79,0,79,0,79,0,6000,5921,10,10
48,STRĂINĂTATE,SPANIA,9999,MADRID,MADRID,632,Alegeri Prezidentiale,1,0,91,0,91,0,91,0,6000,5909,10,10
48,STRĂINĂTATE,SPANIA,9999,COSLADA,COSLADA,633,Alegeri Prezidentiale,1,0,1147,0,1147,0,1137,10,6000,4853,10,10
48,STRĂINĂTATE,SPANIA,9999,COSLADA,COSLADA,634,Alegeri Prezidentiale,1,0,1792,0,1792,0,1787,5,6000,4208,10,10
48,STRĂINĂTATE,SPANIA,9999,ALCALÁ DE HENARES,ALCALÁ DE HENARES,635,Alegeri Prezidentiale,2,0,1268,0,1268,0,1261,7,4996,3728,10,10
48,STRĂINĂTATE,SPANIA,9999,ALCALÁ DE HENARES,ALCALÁ DE HENARES,636,Alegeri Prezidentiale,1,0,834,0,834,0,826,8,5000,4166,10,10
48,STRĂINĂTATE,SPANIA,9999,ALCALÁ DE HENARES,ALCALÁ DE HENARES,637,Alegeri Prezidentiale,1,0,805,0,805,0,803,2,5000,4195,10,10
48,STRĂINĂTATE,SPANIA,9999,SAN FERNANDO DE HENARES,SAN FERNANDO DE HENARES,638,Alegeri Prezidentiale,1,0,1154,0,1154,0,1150,4,4996,3842,10,10
48,STRĂINĂTATE,SPANIA,9999,TORREJÓN DE ARDOZ,TORREJÓN DE ARDOZ,639,Alegeri Prezidentiale,1,0,988,0,988,0,987,1,5000,4012,10,10
48,STRĂINĂTATE,SPANIA,9999,TORREJÓN DE ARDOZ,TORREJÓN DE ARDOZ,640,Alegeri Prezidentiale,1,0,1003,0,1003,0,998,5,5000,3997,10,10
48,STRĂINĂTATE,SPANIA,9999,ARGANDA DEL REY,ARGANDA DEL REY,641,Alegeri Prezidentiale,2,0,1152,0,1152,0,1146,6,5000,3848,10,10
48,STRĂINĂTATE,SPANIA,9999,ARGANDA DEL REY,ARGANDA DEL REY,642,Alegeri Prezidentiale,1,0,1094,0,1094,0,1091,3,5000,3906,10,10
48,STRĂINĂTATE,SPANIA,9999,MÓSTOLES,MÓSTOLES,643,Alegeri Prezidentiale,2,0,1033,0,1033,0,1030,3,6000,4967,10,10
48,STRĂINĂTATE,SPANIA,9999,ALCORCÓN,ALCORCÓN,644,Alegeri Prezidentiale,1,0,684,0,684,0,680,4,4000,3316,10,10
48,STRĂINĂTATE,SPANIA,9999,LEGANÉS,LEGANÉS,645,Alegeri Prezidentiale,1,0,797,0,797,0,796,1,5000,4203,10,10
48,STRĂINĂTATE,SPANIA,9999,FUENLABRADA,FUENLABRADA,646,Alegeri Prezidentiale,2,0,709,0,709,0,708,1,4000,3291,10,10
48,STRĂINĂTATE,SPANIA,9999,GETAFE,GETAFE,647,Alegeri Prezidentiale,1,0,802,0,802,0,800,2,5000,4198,10,10
48,STRĂINĂTATE,SPANIA,9999,GUADALAJARA,GUADALAJARA,648,Alegeri Prezidentiale,1,0,1070,0,1070,0,1065,5,5008,3938,10,10
48,STRĂINĂTATE,SPANIA,9999,PARLA,PARLA,649,Alegeri Prezidentiale,1,0,908,0,908,0,904,4,5996,5088,10,10
48,STRĂINĂTATE,SPANIA,9999,AZUQUECA DE HENARES,AZUQUECA DE HENARES,650,Alegeri Prezidentiale,1,0,735,0,735,0,734,1,4000,3265,10,10
48,STRĂINĂTATE,SPANIA,9999,SAN SEBASTIAN DE LOS REYES,SAN SEBASTIAN DE LOS REYES,651,Alegeri Prezidentiale,1,0,752,0,752,0,749,3,3996,3244,10,10
48,STRĂINĂTATE,SPANIA,9999,ARANJUEZ,ARANJUEZ,652,Alegeri Prezidentiale,2,0,684,0,684,0,677,7,4996,4312,10,10
48,STRĂINĂTATE,SPANIA,9999,VALDEMORO,VALDEMORO,653,Alegeri Prezidentiale,2,0,685,0,685,0,682,3,3000,2315,10,10
48,STRĂINĂTATE,SPANIA,9999,SAN MARTIN DE LA VEGA,SAN MARTIN DE LA VEGA,654,Alegeri Prezidentiale,1,0,693,0,693,0,691,2,3000,2307,10,10
48,STRĂINĂTATE,SPANIA,9999,BRUNETE,BRUNETE,655,Alegeri Prezidentiale,1,0,709,0,709,0,706,3,3000,2291,10,10
48,STRĂINĂTATE,SPANIA,9999,RIVAS VACIAMADRID,RIVAS VACIAMADRID,656,Alegeri Prezidentiale,1,0,753,0,753,0,753,0,4000,3247,10,10
48,STRĂINĂTATE,SPANIA,9999,COLLADO VILLALBA,COLLADO VILLALBA,657,Alegeri Prezidentiale,2,0,745,0,745,0,741,4,4000,3255,10,10
48,STRĂINĂTATE,SPANIA,9999,VELILLA DE SAN ANTONIO,VELILLA DE SAN ANTONIO,658,Alegeri Prezidentiale,1,0,351,0,351,0,351,0,3000,2649,10,10
48,STRĂINĂTATE,SPANIA,9999,VALLADOLID,VALLADOLID,659,Alegeri Prezidentiale,1,0,648,0,648,0,646,2,5000,4352,10,10
48,STRĂINĂTATE,SPANIA,9999,AVILA,AVILA,660,Alegeri Prezidentiale,1,0,306,0,306,0,302,4,4000,3694,10,10
48,STRĂINĂTATE,SPANIA,9999,LAS PALMAS DE GRAN CANARIA,LAS PALMAS DE GRAN CANARIA,661,Alegeri Prezidentiale,1,0,156,0,156,0,156,0,2992,2836,10,10
48,STRĂINĂTATE,SPANIA,9999,MASPALOMAS,MASPALOMAS,662,Alegeri Prezidentiale,2,0,197,0,197,0,195,2,3000,2803,10,10
48,STRĂINĂTATE,SPANIA,9999,SANTA CRUZ DE TENERIFE,SANTA CRUZ DE TENERIFE,663,Alegeri Prezidentiale,1,0,146,0,146,0,146,0,3000,2854,10,10
48,STRĂINĂTATE,SPANIA,9999,ADEJE,ADEJE,664,Alegeri Prezidentiale,1,0,599,0,599,0,595,4,3004,2405,10,10
48,STRĂINĂTATE,SPANIA,9999,BARCELONA,BARCELONA,665,Alegeri Prezidentiale,1,0,1096,0,1096,0,1087,9,7000,5904,10,10
48,STRĂINĂTATE,SPANIA,9999,BARCELONA,BARCELONA,666,Alegeri Prezidentiale,2,0,624,0,624,0,620,4,7000,6376,10,10
48,STRĂINĂTATE,SPANIA,9999,BARCELONA,BARCELONA,667,Alegeri Prezidentiale,1,0,1075,0,1075,0,1070,5,6996,5921,10,10
48,STRĂINĂTATE,SPANIA,9999,FIGUERES,FIGUERES,668,Alegeri Prezidentiale,2,0,717,0,717,0,712,5,5000,4283,10,10
48,STRĂINĂTATE,SPANIA,9999,LLEIDA,LLEIDA,669,Alegeri Prezidentiale,3,0,1060,0,1060,0,1055,5,6000,4940,10,10
48,STRĂINĂTATE,SPANIA,9999,LLEIDA,LLEIDA,670,Alegeri Prezidentiale,1,0,1063,0,1063,0,1058,5,6000,4937,10,10
48,STRĂINĂTATE,SPANIA,9999,GIRONA,GIRONA,671,Alegeri Prezidentiale,2,0,1032,0,1032,0,1028,4,6000,4968,10,10
48,STRĂINĂTATE,SPANIA,9999,GIRONA,GIRONA,672,Alegeri Prezidentiale,2,0,300,0,300,0,298,2,6000,5700,10,10
48,STRĂINĂTATE,SPANIA,9999,GUISSONA,GUISSONA,673,Alegeri Prezidentiale,1,0,632,0,632,0,630,2,5000,4368,10,10
48,STRĂINĂTATE,SPANIA,9999,LLORET DEL MAR,LLORET DEL MAR,674,Alegeri Prezidentiale,1,0,461,0,461,0,461,0,5000,4539,10,10
48,STRĂINĂTATE,SPANIA,9999,MANRESA,MANRESA,675,Alegeri Prezidentiale,1,0,654,0,654,0,649,5,5000,4346,10,10
48,STRĂINĂTATE,SPANIA,9999,REUS,REUS,676,Alegeri Prezidentiale,1,0,935,0,935,0,927,8,5000,4065,10,10
48,STRĂINĂTATE,SPANIA,9999,SABADELL,SABADELL,677,Alegeri Prezidentiale,1,0,1053,0,1053,0,1051,2,5000,3947,10,10
48,STRĂINĂTATE,SPANIA,9999,TARRAGONA,TARRAGONA,678,Alegeri Prezidentiale,2,0,534,0,534,0,532,2,6000,5466,10,10
48,STRĂINĂTATE,SPANIA,9999,TARRAGONA,TARRAGONA,679,Alegeri Prezidentiale,1,0,346,0,346,0,342,4,6000,5654,10,10
48,STRĂINĂTATE,SPANIA,9999,TARREGA,TARREGA,680,Alegeri Prezidentiale,1,0,473,0,473,0,472,1,5000,4527,10,10
48,STRĂINĂTATE,SPANIA,9999,TORTOSA,TORTOSA,681,Alegeri Prezidentiale,1,0,762,0,762,0,760,2,5000,4238,10,10
48,STRĂINĂTATE,SPANIA,9999,VILANOVA I LA GELTRU,VILANOVA I LA GELTRU,682,Alegeri Prezidentiale,2,0,587,0,587,0,584,3,5000,4413,10,10
48,STRĂINĂTATE,SPANIA,9999,PALMA DE MALLORCA,PALMA DE MALLORCA,683,Alegeri Prezidentiale,2,0,480,0,480,0,480,0,6000,5520,10,10
48,STRĂINĂTATE,SPANIA,9999,PALMA DE MALLORCA,PALMA DE MALLORCA,684,Alegeri Prezidentiale,2,0,496,0,496,0,493,3,5998,5502,10,10
48,STRĂINĂTATE,SPANIA,9999,IBIZA,IBIZA,685,Alegeri Prezidentiale,1,0,1226,0,1226,0,1221,5,5000,3774,10,10
48,STRĂINĂTATE,SPANIA,9999,SEVILLA,SEVILLA,686,Alegeri Prezidentiale,1,0,459,0,459,0,451,8,6000,5541,10,10
48,STRĂINĂTATE,SPANIA,9999,SEVILLA,SEVILLA,687,Alegeri Prezidentiale,1,0,80,0,80,0,79,1,6000,5920,10,10
48,STRĂINĂTATE,SPANIA,9999,CORDOBA,CORDOBA,688,Alegeri Prezidentiale,1,0,202,0,202,0,199,3,6000,5798,10,10
48,STRĂINĂTATE,SPANIA,9999,ALMENDRALEJO,ALMENDRALEJO,689,Alegeri Prezidentiale,2,0,185,0,185,0,183,2,5997,5812,10,10
48,STRĂINĂTATE,SPANIA,9999,ALMENDRALEJO,ALMENDRALEJO,690,Alegeri Prezidentiale,2,0,160,0,160,0,157,3,6000,5840,10,10
48,STRĂINĂTATE,SPANIA,9999,LEPE,LEPE,691,Alegeri Prezidentiale,1,0,284,0,284,0,278,6,5996,5712,10,10
48,STRĂINĂTATE,SPANIA,9999,LEPE,LEPE,692,Alegeri Prezidentiale,1,0,177,0,177,0,173,4,6004,5827,10,10
48,STRĂINĂTATE,SPANIA,9999,PALOS DE LA FRONTERA,PALOS DE LA FRONTERA,693,Alegeri Prezidentiale,1,0,361,0,361,0,356,5,6000,5639,10,10
48,STRĂINĂTATE,SPANIA,9999,MALAGA,MALAGA,694,Alegeri Prezidentiale,1,0,321,0,321,0,318,3,6000,5679,10,10
48,STRĂINĂTATE,SPANIA,9999,MALAGA,MALAGA,695,Alegeri Prezidentiale,1,0,322,0,322,0,321,1,5996,5674,10,10
48,STRĂINĂTATE,SPANIA,9999,MOGUER,MOGUER,696,Alegeri Prezidentiale,2,0,225,0,225,0,222,3,5996,5771,10,10
48,STRĂINĂTATE,SPANIA,9999,HUELVA,HUELVA,697,Alegeri Prezidentiale,1,0,103,0,103,0,103,0,6000,5897,10,10
48,STRĂINĂTATE,SPANIA,9999,ALMONTE,ALMONTE,698,Alegeri Prezidentiale,1,0,442,0,442,0,437,5,5996,5554,10,10
48,STRĂINĂTATE,SPANIA,9999,ROCIANA DEL CONDADO,ROCIANA DEL CONDADO,699,Alegeri Prezidentiale,1,0,317,0,317,0,314,3,6000,5683,10,10
48,STRĂINĂTATE,SPANIA,9999,MANILVA,MANILVA,700,Alegeri Prezidentiale,1,0,395,0,395,0,390,5,6000,5605,10,10
48,STRĂINĂTATE,SPANIA,9999,MARBELLA,MARBELLA,701,Alegeri Prezidentiale,1,0,498,0,498,0,495,3,6000,5502,10,10
48,STRĂINĂTATE,SPANIA,9999,BILBAO,BILBAO,702,Alegeri Prezidentiale,1,0,332,0,332,0,331,1,3600,3268,10,10
48,STRĂINĂTATE,SPANIA,9999,BILBAO,BILBAO,703,Alegeri Prezidentiale,1,0,602,0,602,0,597,5,3600,2998,10,10
48,STRĂINĂTATE,SPANIA,9999,BILBAO,BILBAO,704,Alegeri Prezidentiale,1,0,583,0,583,0,579,4,3596,3013,10,10
48,STRĂINĂTATE,SPANIA,9999,LOGRONO,LOGRONO,705,Alegeri Prezidentiale,1,0,743,0,743,0,741,2,3600,2857,10,10
48,STRĂINĂTATE,SPANIA,9999,LOGRONO,LOGRONO,706,Alegeri Prezidentiale,1,0,583,0,583,0,582,1,3600,3017,10,10
48,STRĂINĂTATE,SPANIA,9999,LOGRONO,LOGRONO,707,Alegeri Prezidentiale,1,0,658,0,658,0,657,1,3600,2942,10,10
48,STRĂINĂTATE,SPANIA,9999,PAMPLONA-BARAÑAIN,PAMPLONA-BARAÑAIN,708,Alegeri Prezidentiale,2,0,564,0,564,0,562,2,4004,3440,10,10
48,STRĂINĂTATE,SPANIA,9999,PAMPLONA-BARAÑAIN,PAMPLONA-BARAÑAIN,709,Alegeri Prezidentiale,1,0,583,0,583,0,582,1,4000,3417,10,10
48,STRĂINĂTATE,SPANIA,9999,GIJON,GIJON,710,Alegeri Prezidentiale,1,0,389,0,389,0,383,6,4004,3615,10,10
48,STRĂINĂTATE,SPANIA,9999,OVIEDO,OVIEDO,711,Alegeri Prezidentiale,1,0,412,0,412,0,410,2,4000,3588,10,10
48,STRĂINĂTATE,SPANIA,9999,SANTIAGO DE COMPOSTELA,SANTIAGO DE COMPOSTELA,712,Alegeri Prezidentiale,2,0,197,0,197,0,195,2,2504,2307,10,10
48,STRĂINĂTATE,SPANIA,9999,BURGOS,BURGOS,713,Alegeri Prezidentiale,1,0,499,0,499,0,494,5,4000,3501,10,10
48,STRĂINĂTATE,SPANIA,9999,BURGOS,BURGOS,714,Alegeri Prezidentiale,1,0,339,0,339,0,339,0,4000,3661,10,10
48,STRĂINĂTATE,SPANIA,9999,SANTANDER,SANTANDER,715,Alegeri Prezidentiale,1,0,309,0,309,0,304,5,4000,3691,10,10
48,STRĂINĂTATE,SPANIA,9999,SANTANDER,SANTANDER,716,Alegeri Prezidentiale,1,0,234,0,234,0,233,1,4000,3766,10,10
48,STRĂINĂTATE,SPANIA,9999,ZARAGOZA,ZARAGOZA,717,Alegeri Prezidentiale,1,0,1178,0,1178,0,1172,6,12000,10822,10,10
48,STRĂINĂTATE,SPANIA,9999,ZARAGOZA,ZARAGOZA,718,Alegeri Prezidentiale,1,0,1006,0,1006,0,998,8,12000,10994,10,10
48,STRĂINĂTATE,SPANIA,9999,ZARAGOZA,ZARAGOZA,719,Alegeri Prezidentiale,1,0,783,0,783,0,782,1,12000,11217,10,10
48,STRĂINĂTATE,SPANIA,9999,ZARAGOZA,ZARAGOZA,720,Alegeri Prezidentiale,2,0,852,0,852,0,846,6,12000,11148,10,10
48,STRĂINĂTATE,SPANIA,9999,ZARAGOZA,ZARAGOZA,721,Alegeri Prezidentiale,1,0,898,0,898,0,896,2,12000,11102,10,10
48,STRĂINĂTATE,SPANIA,9999,CALATAYUD,CALATAYUD,722,Alegeri Prezidentiale,1,0,972,0,972,0,969,3,12000,11028,10,10
48,STRĂINĂTATE,SPANIA,9999,CIUDAD REAL,CIUDAD REAL,723,Alegeri Prezidentiale,2,0,440,0,440,0,439,1,6000,5560,10,10
48,STRĂINĂTATE,SPANIA,9999,CUENCA,CUENCA,724,Alegeri Prezidentiale,1,0,395,0,395,0,395,0,6000,5605,10,10
48,STRĂINĂTATE,SPANIA,9999,TARANCON,TARANCON,725,Alegeri Prezidentiale,1,0,517,0,517,0,516,1,6000,5483,10,10
48,STRĂINĂTATE,SPANIA,9999,TOMELLOSO,TOMELLOSO,726,Alegeri Prezidentiale,2,0,567,0,567,0,564,3,6000,5433,10,10
48,STRĂINĂTATE,SPANIA,9999,TOLEDO,TOLEDO,727,Alegeri Prezidentiale,1,0,803,0,803,0,801,2,6000,5197,10,10
48,STRĂINĂTATE,SPANIA,9999,ALBACETE,ALBACETE,728,Alegeri Prezidentiale,1,0,337,0,337,0,331,6,6000,5663,10,10
48,STRĂINĂTATE,SPANIA,9999,ALCÁZAR DE SAN JUAN,ALCÁZAR DE SAN JUAN,729,Alegeri Prezidentiale,1,0,509,0,509,0,507,2,6000,5491,10,10
48,STRĂINĂTATE,SPANIA,9999,VILLARROBLEDO,VILLARROBLEDO,730,Alegeri Prezidentiale,1,0,291,0,291,0,290,1,6000,5709,10,10
48,STRĂINĂTATE,SPANIA,9999,QUINTANAR DEL REY,QUINTANAR DEL REY,731,Alegeri Prezidentiale,2,0,155,0,155,0,153,2,6000,5845,10,10
48,STRĂINĂTATE,SPANIA,9999,TALAVERA DE LA REINA,TALAVERA DE LA REINA,732,Alegeri Prezidentiale,1,0,629,0,629,0,627,2,6000,5371,10,10
48,STRĂINĂTATE,SPANIA,9999,QUINTANAR DE LA ORDEN,QUINTANAR DE LA ORDEN,733,Alegeri Prezidentiale,1,0,710,0,710,0,704,6,6000,5290,10,10
48,STRĂINĂTATE,SPANIA,9999,MADRIDEJOS,MADRIDEJOS,734,Alegeri Prezidentiale,1,0,169,0,169,0,168,1,5996,5827,10,10
48,STRĂINĂTATE,SPANIA,9999,OCAÑA,OCAÑA,735,Alegeri Prezidentiale,2,0,272,0,272,0,271,1,6000,5728,10,10
48,STRĂINĂTATE,SPANIA,9999,ALMERIA,ALMERIA,736,Alegeri Prezidentiale,3,0,352,0,352,0,349,3,3604,3252,10,10
48,STRĂINĂTATE,SPANIA,9999,ALMERIA,ALMERIA,737,Alegeri Prezidentiale,2,0,452,0,452,0,450,2,3600,3148,10,10
48,STRĂINĂTATE,SPANIA,9999,ROQUETAS DE MAR,ROQUETAS DE MAR,738,Alegeri Prezidentiale,1,0,616,0,616,0,613,3,3600,2984,10,10
48,STRĂINĂTATE,SPANIA,9999,ROQUETAS DE MAR,ROQUETAS DE MAR,739,Alegeri Prezidentiale,2,0,631,0,631,0,628,3,3604,2973,10,10
48,STRĂINĂTATE,SPANIA,9999,ROQUETAS DE MAR,ROQUETAS DE MAR,740,Alegeri Prezidentiale,1,0,357,0,357,0,355,2,3600,3243,10,10
48,STRĂINĂTATE,SPANIA,9999,ROQUETAS DE MAR,ROQUETAS DE MAR,741,Alegeri Prezidentiale,2,0,383,0,383,0,376,7,3600,3217,10,10
48,STRĂINĂTATE,SPANIA,9999,EL EJIDO,EL EJIDO,742,Alegeri Prezidentiale,1,0,310,0,310,0,309,1,3600,3290,10,10
48,STRĂINĂTATE,SPANIA,9999,EL EJIDO,EL EJIDO,743,Alegeri Prezidentiale,1,0,302,0,302,0,300,2,3600,3298,10,10
48,STRĂINĂTATE,SPANIA,9999,MOTRIL,MOTRIL,744,Alegeri Prezidentiale,2,0,772,0,772,0,768,4,5000,4228,10,10
48,STRĂINĂTATE,SPANIA,9999,GRANADA,GRANADA,745,Alegeri Prezidentiale,2,0,267,0,267,0,266,1,5004,4737,10,10
48,STRĂINĂTATE,SPANIA,9999,MURCIA,MURCIA,746,Alegeri Prezidentiale,1,0,315,0,315,0,314,1,5000,4685,10,10
48,STRĂINĂTATE,SPANIA,9999,MURCIA,MURCIA,747,Alegeri Prezidentiale,1,0,274,0,274,0,273,1,5000,4726,10,10
48,STRĂINĂTATE,SPANIA,9999,CASTELLON DE LA PLANA,CASTELLON DE LA PLANA,748,Alegeri Prezidentiale,1,0,2361,0,2361,0,2351,10,8000,5639,10,10
48,STRĂINĂTATE,SPANIA,9999,CASTELLON DE LA PLANA,CASTELLON DE LA PLANA,749,Alegeri Prezidentiale,1,0,497,0,497,0,492,5,8000,7501,10,10
48,STRĂINĂTATE,SPANIA,9999,CASTELLON DE LA PLANA,CASTELLON DE LA PLANA,750,Alegeri Prezidentiale,2,0,1610,0,1610,0,1600,10,8000,6390,10,10
48,STRĂINĂTATE,SPANIA,9999,VILA-REAL,VILA-REAL,751,Alegeri Prezidentiale,3,0,668,0,668,0,653,15,8004,7336,10,10
48,STRĂINĂTATE,SPANIA,9999,PENISCOLA,PENISCOLA,752,Alegeri Prezidentiale,1,0,879,0,879,0,873,6,8000,7121,10,10
48,STRĂINĂTATE,SPANIA,9999,ALMAZORA,ALMAZORA,753,Alegeri Prezidentiale,1,0,354,0,354,0,348,6,8000,7646,10,10
48,STRĂINĂTATE,SPANIA,9999,BURRIANA,BURRIANA,754,Alegeri Prezidentiale,1,0,428,0,428,0,425,3,8000,7572,10,10
48,STRĂINĂTATE,SPANIA,9999,OROPESA DEL MAR,OROPESA DEL MAR,755,Alegeri Prezidentiale,1,0,322,0,322,0,321,1,8000,7678,10,10
48,STRĂINĂTATE,SPANIA,9999,VALENCIA,VALENCIA,756,Alegeri Prezidentiale,1,0,985,0,985,0,985,0,8000,7010,10,10
48,STRĂINĂTATE,SPANIA,9999,VALENCIA,VALENCIA,757,Alegeri Prezidentiale,1,0,438,0,438,0,437,1,8000,7562,10,10
48,STRĂINĂTATE,SPANIA,9999,VALENCIA,VALENCIA,758,Alegeri Prezidentiale,1,0,523,0,523,0,516,7,8000,7477,10,10
48,STRĂINĂTATE,SPANIA,9999,TORRENT,TORRENT,759,Alegeri Prezidentiale,2,0,596,0,596,0,590,6,8000,7404,10,10
48,STRĂINĂTATE,SPANIA,9999,PATERNA,PATERNA,760,Alegeri Prezidentiale,2,0,704,0,704,0,703,1,8000,7296,10,10
48,STRĂINĂTATE,SPANIA,9999,GANDIA,GANDIA,761,Alegeri Prezidentiale,1,0,756,0,756,0,751,5,8000,7244,10,10
48,STRĂINĂTATE,SPANIA,9999,JÁTIVA/XATIVA,JÁTIVA/XATIVA,762,Alegeri Prezidentiale,1,0,589,0,589,0,585,4,8000,7411,10,10
48,STRĂINĂTATE,SPANIA,9999,ALICANTE,ALICANTE,763,Alegeri Prezidentiale,1,0,597,0,597,0,593,4,8000,7403,10,10
48,STRĂINĂTATE,SPANIA,9999,ELCHE,ELCHE,764,Alegeri Prezidentiale,1,0,513,0,513,0,511,2,8000,7487,10,10
48,STRĂINĂTATE,SPANIA,9999,BENIDORM,BENIDORM,765,Alegeri Prezidentiale,1,0,868,0,868,0,865,3,8000,7132,10,10
48,STRĂINĂTATE,SPANIA,9999,TORREVIEJA,TORREVIEJA,766,Alegeri Prezidentiale,1,0,451,0,451,0,450,1,8008,7557,10,10
48,STRĂINĂTATE,SRI LANKA,9999,COLOMBO,COLOMBO,767,Alegeri Prezidentiale,1,0,30,0,30,0,30,0,100,70,10,10
48,STRĂINĂTATE,SUA,9999,WASHINGTON D.C.,WASHINGTON D.C.,768,Alegeri Prezidentiale,1,0,567,0,567,0,565,2,3600,3033,10,10
48,STRĂINĂTATE,SUA,9999,"CHARLOTTE, CAROLINA DE NORD","CHARLOTTE, CAROLINA DE NORD",769,Alegeri Prezidentiale,1,0,176,0,176,0,176,0,2000,1824,10,10
48,STRĂINĂTATE,SUA,9999,"CLEVELAND, OHIO","CLEVELAND, OHIO",770,Alegeri Prezidentiale,1,0,250,0,250,0,249,1,3001,2751,10,10
48,STRĂINĂTATE,SUA,9999,"NORFOLK, VIRGINIA","NORFOLK, VIRGINIA",771,Alegeri Prezidentiale,1,0,64,0,64,0,64,0,2000,1936,10,10
48,STRĂINĂTATE,SUA,9999,"NASHVILLE, TENNESSEE","NASHVILLE, TENNESSEE",772,Alegeri Prezidentiale,2,0,56,0,56,0,56,0,3000,2944,10,10
48,STRĂINĂTATE,SUA,9999,"CHICAGO , ILLINOIS","CHICAGO , ILLINOIS",773,Alegeri Prezidentiale,1,0,164,0,164,0,163,1,4000,3836,10,10
48,STRĂINĂTATE,SUA,9999,"CHICAGO , ILLINOIS","CHICAGO , ILLINOIS",774,Alegeri Prezidentiale,2,0,490,0,490,0,489,1,4000,3510,10,10
48,STRĂINĂTATE,SUA,9999,"CHICAGO , ILLINOIS","CHICAGO , ILLINOIS",775,Alegeri Prezidentiale,1,0,226,0,226,0,226,0,4000,3774,10,10
48,STRĂINĂTATE,SUA,9999,"NILES, ILLINOIS","NILES, ILLINOIS",776,Alegeri Prezidentiale,1,0,705,0,705,0,705,0,5000,4295,10,10
48,STRĂINĂTATE,SUA,9999,"WOOD DALE, ILLINOIS","WOOD DALE, ILLINOIS",777,Alegeri Prezidentiale,1,0,219,0,219,0,219,0,3004,2785,10,10
48,STRĂINĂTATE,SUA,9999,"TROY, MICHIGAN","TROY, MICHIGAN",778,Alegeri Prezidentiale,1,0,425,0,425,0,425,0,4000,3575,10,10
48,STRĂINĂTATE,SUA,9999,"PLYMOUTH, MICHIGAN","PLYMOUTH, MICHIGAN",779,Alegeri Prezidentiale,1,0,260,0,260,0,259,1,4000,3740,10,10
48,STRĂINĂTATE,SUA,9999,"INDIANAPOLIS, INDIANA","INDIANAPOLIS, INDIANA",780,Alegeri Prezidentiale,1,0,70,0,70,0,69,1,2001,1931,10,10
48,STRĂINĂTATE,SUA,9999,"MINNEAPOLIS, MINNESOTA","MINNEAPOLIS, MINNESOTA",781,Alegeri Prezidentiale,1,0,60,0,60,0,59,1,1500,1440,10,10
48,STRĂINĂTATE,SUA,9999,"SAINT LOUIS, MISSOURI","SAINT LOUIS, MISSOURI",782,Alegeri Prezidentiale,1,0,39,0,39,0,39,0,1500,1461,10,10
48,STRĂINĂTATE,SUA,9999,"LOS ANGELES , CALIFORNIA","LOS ANGELES , CALIFORNIA",783,Alegeri Prezidentiale,1,0,355,0,355,0,354,1,4997,4642,10,10
48,STRĂINĂTATE,SUA,9999,"ANAHEIM, CALIFORNIA","ANAHEIM, CALIFORNIA",784,Alegeri Prezidentiale,2,0,282,0,282,0,278,4,5000,4718,10,10
48,STRĂINĂTATE,SUA,9999,"SACRAMENTO, CALIFORNIA","SACRAMENTO, CALIFORNIA",785,Alegeri Prezidentiale,2,0,189,0,189,0,189,0,5000,4811,10,10
48,STRĂINĂTATE,SUA,9999,"SAN FRANCISCO, CALIFORNIA","SAN FRANCISCO, CALIFORNIA",786,Alegeri Prezidentiale,1,0,266,0,266,0,265,1,5000,4734,10,10
48,STRĂINĂTATE,SUA,9999,SAN JOSE (SILICON VALLEY),SAN JOSE (SILICON VALLEY),787,Alegeri Prezidentiale,2,0,349,0,349,0,349,0,5000,4651,10,10
48,STRĂINĂTATE,SUA,9999,"LAS VEGAS, NEVADA","LAS VEGAS, NEVADA",788,Alegeri Prezidentiale,1,0,204,0,204,0,203,1,5000,4796,10,10
48,STRĂINĂTATE,SUA,9999,"PHOENIX, ARIZONA","PHOENIX, ARIZONA",789,Alegeri Prezidentiale,2,0,320,0,320,0,318,2,5000,4680,10,10
48,STRĂINĂTATE,SUA,9999,"PORTLAND, OREGON","PORTLAND, OREGON",790,Alegeri Prezidentiale,1,0,268,0,268,0,266,2,5000,4732,10,10
48,STRĂINĂTATE,SUA,9999,"SEATTLE, WASHINGTON","SEATTLE, WASHINGTON",791,Alegeri Prezidentiale,1,0,544,0,544,0,544,0,5000,4456,10,10
48,STRĂINĂTATE,SUA,9999,"SALT LAKE CITY, UTAH","SALT LAKE CITY, UTAH",792,Alegeri Prezidentiale,1,0,67,0,67,0,67,0,5000,4933,10,10
48,STRĂINĂTATE,SUA,9999,"DENVER, COLORADO","DENVER, COLORADO",793,Alegeri Prezidentiale,1,0,127,0,127,0,127,0,5000,4873,10,10
48,STRĂINĂTATE,SUA,9999,"MIAMI, FLORIDA","MIAMI, FLORIDA",794,Alegeri Prezidentiale,1,0,188,0,188,0,188,0,3001,2813,10,10
48,STRĂINĂTATE,SUA,9999,"HOLLYWOOD, FLORIDA","HOLLYWOOD, FLORIDA",795,Alegeri Prezidentiale,1,0,453,0,453,0,452,1,3004,2551,10,10
48,STRĂINĂTATE,SUA,9999,"NAPLES, FLORIDA","NAPLES, FLORIDA",796,Alegeri Prezidentiale,1,0,111,0,111,0,111,0,3000,2889,10,10
48,STRĂINĂTATE,SUA,9999,"DALLAS, TEXAS","DALLAS, TEXAS",797,Alegeri Prezidentiale,1,0,207,0,207,0,207,0,3001,2794,10,10
48,STRĂINĂTATE,SUA,9999,"HOUSTON, TEXAS","HOUSTON, TEXAS",798,Alegeri Prezidentiale,1,0,286,0,286,0,285,1,3001,2715,10,10
48,STRĂINĂTATE,SUA,9999,"LILBURN, GEORGIA","LILBURN, GEORGIA",799,Alegeri Prezidentiale,1,0,532,0,532,0,530,2,3000,2468,10,10
48,STRĂINĂTATE,SUA,9999,NEW YORK,NEW YORK,800,Alegeri Prezidentiale,1,0,486,0,486,0,484,2,3200,2714,10,10
48,STRĂINĂTATE,SUA,9999,NEW YORK,NEW YORK,801,Alegeri Prezidentiale,1,0,513,0,513,0,512,1,7000,6487,10,10
48,STRĂINĂTATE,SUA,9999,"PHILADELPHIA, PENNSYLVANIA","PHILADELPHIA, PENNSYLVANIA",802,Alegeri Prezidentiale,1,0,245,0,245,0,244,1,3000,2755,10,10
48,STRĂINĂTATE,SUA,9999,"BOSTON, MASSACHUSETTS","BOSTON, MASSACHUSETTS",803,Alegeri Prezidentiale,1,0,377,0,377,0,377,0,5000,4623,10,10
48,STRĂINĂTATE,SUA,9999,QUEENS,QUEENS,804,Alegeri Prezidentiale,1,0,472,0,472,0,472,0,4000,3528,10,10
48,STRĂINĂTATE,SUA,9999,VICTOR,VICTOR,805,Alegeri Prezidentiale,1,0,35,0,35,0,35,0,3200,3165,10,10
48,STRĂINĂTATE,SUDAN,9999,KHARTOUM,KHARTOUM,806,Alegeri Prezidentiale,1,0,16,0,16,0,15,1,100,84,10,10
48,STRĂINĂTATE,SUEDIA,9999,STOCKHOLM,STOCKHOLM,807,Alegeri Prezidentiale,1,0,691,0,691,0,687,4,4000,3309,10,10
48,STRĂINĂTATE,SUEDIA,9999,STOCKHOLM,STOCKHOLM,808,Alegeri Prezidentiale,1,0,680,0,680,0,677,3,3196,2516,10,10
48,STRĂINĂTATE,SUEDIA,9999,STOCKHOLM,STOCKHOLM,809,Alegeri Prezidentiale,1,0,334,0,334,0,334,0,3200,2866,10,10
48,STRĂINĂTATE,SUEDIA,9999,GÖTEBORG,GÖTEBORG,810,Alegeri Prezidentiale,1,0,1158,0,1158,0,1154,4,4792,3634,10,10
48,STRĂINĂTATE,SUEDIA,9999,MALMÖ,MALMÖ,811,Alegeri Prezidentiale,3,0,1015,0,1015,0,1009,6,4800,3785,10,10
48,STRĂINĂTATE,SUEDIA,9999,SÖLVESBORG,SÖLVESBORG,812,Alegeri Prezidentiale,1,0,297,0,297,0,296,1,2400,2103,10,10
48,STRĂINĂTATE,SUEDIA,9999,UPPSALA,UPPSALA,813,Alegeri Prezidentiale,1,0,227,0,227,0,226,1,2404,2177,10,10
48,STRĂINĂTATE,REGATUL THAILANDEI,9999,BANGKOK,BANGKOK,814,Alegeri Prezidentiale,2,0,115,0,115,0,115,0,500,385,10,10
48,STRĂINĂTATE,TUNISIA,9999,TUNIS,TUNIS,815,Alegeri Prezidentiale,2,0,70,0,70,0,70,0,588,518,10,10
48,STRĂINĂTATE,TURCIA,9999,ANKARA,ANKARA,816,Alegeri Prezidentiale,1,0,100,0,100,0,99,1,500,400,10,10
48,STRĂINĂTATE,TURCIA,9999,IZMIR,IZMIR,817,Alegeri Prezidentiale,1,0,59,0,59,0,59,0,400,341,10,10
48,STRĂINĂTATE,TURCIA,9999,ISTANBUL,ISTANBUL,818,Alegeri Prezidentiale,1,0,199,0,199,0,198,1,2500,2301,10,10
48,STRĂINĂTATE,TURCIA,9999,ISTANBUL,ISTANBUL,819,Alegeri Prezidentiale,1,0,348,0,348,0,348,0,2500,2152,10,10
48,STRĂINĂTATE,TURKMENISTAN,9999,ASHABAT,ASHABAT,820,Alegeri Prezidentiale,1,0,27,0,27,0,26,1,100,73,10,10
48,STRĂINĂTATE,UCRAINA,9999,KIEV,KIEV,821,Alegeri Prezidentiale,1,0,110,0,110,0,109,1,400,290,10,10
48,STRĂINĂTATE,UCRAINA,9999,ODESA,ODESA,822,Alegeri Prezidentiale,1,0,41,0,41,0,41,0,400,359,10,10
48,STRĂINĂTATE,UCRAINA,9999,CERNĂUȚI,CERNĂUȚI,823,Alegeri Prezidentiale,1,0,118,0,118,0,117,1,800,682,10,10
48,STRĂINĂTATE,UCRAINA,9999,SOLOTVINO,SOLOTVINO,824,Alegeri Prezidentiale,1,0,22,0,22,0,22,0,500,478,10,10
48,STRĂINĂTATE,UNGARIA,9999,BUDAPESTA,BUDAPESTA,825,Alegeri Prezidentiale,1,0,727,0,727,0,725,2,6000,5273,10,10
48,STRĂINĂTATE,UNGARIA,9999,BUDAPESTA,BUDAPESTA,826,Alegeri Prezidentiale,1,0,563,0,563,0,560,3,6000,5437,10,10
48,STRĂINĂTATE,UNGARIA,9999,BUDAPESTA,BUDAPESTA,827,Alegeri Prezidentiale,1,0,313,0,313,0,313,0,6000,5687,10,10
48,STRĂINĂTATE,UNGARIA,9999,BUDAPESTA,BUDAPESTA,828,Alegeri Prezidentiale,1,0,226,0,226,0,225,1,6000,5774,10,10
48,STRĂINĂTATE,UNGARIA,9999,GYULA,GYULA,829,Alegeri Prezidentiale,2,0,140,0,140,0,140,0,2000,1860,10,10
48,STRĂINĂTATE,UNGARIA,9999,SZEGED,SZEGED,830,Alegeri Prezidentiale,1,0,134,0,134,0,134,0,2000,1866,10,10
48,STRĂINĂTATE,URUGUAY,9999,MONTEVIDEO,MONTEVIDEO,831,Alegeri Prezidentiale,1,0,31,0,31,0,29,2,100,69,10,10
48,STRĂINĂTATE,UZBEKISTAN,9999,TAȘKENT,TAȘKENT,832,Alegeri Prezidentiale,1,0,10,0,10,0,10,0,200,190,10,10
48,STRĂINĂTATE,VENEZUELA,9999,CARACAS,CARACAS,833,Alegeri Prezidentiale,1,0,38,0,38,0,38,0,200,162,10,10
48,STRĂINĂTATE,VIETNAM,9999,HANOI,HANOI,834,Alegeri Prezidentiale,1,0,139,0,139,0,135,4,400,261,10,10
48,STRĂINĂTATE,ZIMBABWE,9999,HARARE,HARARE,835,Alegeri Prezidentiale,1,0,7,0,7,0,7,0,100,93,10,10
